func,id,{,},CreaVentana,(,",",num,),";",CreaLabel,CreaBoton,CreaTextbox,CreaEvento,Main,if,else,repeat,until,:=,while,switch,case,const,break,default,for,:,step,CierraVentana,LeeTextBox,Loop,ImprimeTextBox,Concat,Mbox,==,>,<,>=,<=,!=,+,-,int,float,string,vent,textBox,label,boton,^,factor,*,/,$,programa',programa,estructura,def,def-func,def-vent,def-ctrl,crea-control,def-evnt,def-main,secuencia-sent,sentencia,sent-if,sent-repeat,sent-assign,sent-while,sent-switch,secuencia-case,sentencia-case,sentencia-default,sent-for,sent-func,sent-declara,identificadores,exp,op-comparacion,exp-simple,opsuma,tipo,term,potencia,opmult
s9, , , , , , , , , , , , , ,s5, , , , , , , , , , , , , , , , , , , , , , , , , , , , ,s10,s11,s12,s13,s14,s15,s16, , , , , , ,1,2,4,7, , , , ,3, , , , , , , , , , , , ,6, , , , , ,8, , , 
 , , , , , , , , , , , , , , , , , , , , , , , , , , , , , , , , , , , , , , , , , , , , , , , , , , , , , ,acc, , , , , , , , , , , , , , , , , , , , , , , , , , , , , , , , 
s9, , , , , , , , , , , , , ,s5, , , , , , , , , , , , , , , , , , , , , , , , , , , , ,s10,s11,s12,s13,s14,s15,s16, , , , , , , , ,18,7, , , , ,17, , , , , , , , , , , , ,6, , , , , ,8, , , 
 , , , , , , , , , , , , , , , , , , , , , , , , , , , , , , , , , , , , , , , , , , , , , , , , , , , , , ,r2, , , , , , , , , , , , , , , , , , , , , , , , , , , , , , , , 
r4, , , , , , , , , , , , , ,r4, , , , , , , , , , , , , , , , , , , , , , , , , , , , ,r4,r4,r4,r4,r4,r4,r4, , , , , , , , , , , , , , , , , , , , , , , , , , , , , , , , , , , , , 
 , ,s19, , , , , , , , , , , , , , , , , , , , , , , , , , , , , , , , , , , , , , , , , , , , , , , , , , , , , , , , , , , , , , , , , , , , , , , , , , , , , , , , , , , , 
r5, , , , , , , , , , , , , ,r5, , , , , , , , , , , , , , , , , , , , , , , , , , , , ,r5,r5,r5,r5,r5,r5,r5, , , , , , , , , , , , , , , , , , , , , , , , , , , , , , , , , , , , , 
r6, , , , , , , , , , , , , ,r6, , , , , , , , , , , , , , , , , , , , , , , , , , , , ,r6,r6,r6,r6,r6,r6,r6, , , , , , , , , , , , , , , , , , , , , , , , , , , , , , , , , , , , , 
 ,s21, , , , , , , , , , , , , , , , , , , , , , , , , , , , , , , , , , , , , , , , , , , , , , , , , , , , , , , , , , , , , , , , , , , , , , , , , , , , ,20, , , , , , , , 
 ,s22, , , , , , , , , , , , , , , , , , , , , , , , , , , , , , , , , , , , , , , , , , , , , , , , , , , , , , , , , , , , , , , , , , , , , , , , , , , , , , , , , , , , , 
 ,r61, , , , , , , , , , , , , , , , , , , , , , , , , , , , , , , , , , , , , , , , , , , , , , , , , , , , , , , , , , , , , , , , , , , , , , , , , , , , , , , , , , , , , 
 ,r62, , , , , , , , , , , , , , , , , , , , , , , , , , , , , , , , , , , , , , , , , , , , , , , , , , , , , , , , , , , , , , , , , , , , , , , , , , , , , , , , , , , , , 
 ,r63, , , , , , , , , , , , , , , , , , , , , , , , , , , , , , , , , , , , , , , , , , , , , , , , , , , , , , , , , , , , , , , , , , , , , , , , , , , , , , , , , , , , , 
 ,r64, , , , , , , , , , , , , , , , , , , , , , , , , , , , , , , , , , , , , , , , , , , , , , , , , , , , , , , , , , , , , , , , , , , , , , , , , , , , , , , , , , , , , 
 ,r65, , , , , , , , , , , , , , , , , , , , , , , , , , , , , , , , , , , , , , , , , , , , , , , , , , , , , , , , , , , , , , , , , , , , , , , , , , , , , , , , , , , , , 
 ,r66, , , , , , , , , , , , , , , , , , , , , , , , , , , , , , , , , , , , , , , , , , , , , , , , , , , , , , , , , , , , , , , , , , , , , , , , , , , , , , , , , , , , , 
 ,r67, , , , , , , , , , , , , , , , , , , , , , , , , , , , , , , , , , , , , , , , , , , , , , , , , , , , , , , , , , , , , , , , , , , , , , , , , , , , , , , , , , , , , 
 , , , , , , , , , , , , , , , , , , , , , , , , , , , , , , , , , , , , , , , , , , , , , , , , , , , , , ,r1, , , , , , , , , , , , , , , , , , , , , , , , , , , , , , , , 
r3, , , , , , , , , , , , , ,r3, , , , , , , , , , , , , , , , , , , , , , , , , , , , ,r3,r3,r3,r3,r3,r3,r3, , , , , , , , , , , , , , , , , , , , , , , , , , , , , , , , , , , , , 
 ,s38, , ,s48, , , , , ,s50,s53,s54,s51, ,s36, ,s37, , ,s39,s40, , , , ,s41, , ,s42,s43,s44,s45,s46,s47, , , , , , , , ,s10,s11,s12,s13,s14,s15,s16, , , , , , , , , , ,32,33,49,34, ,23,24,25,26,27,28,29, , , ,30,31,35, , , , , ,52, , , 
 , , , , , ,s56, , ,s55, , , , , , , , , , , , , , , , , , , , , , , , , , , , , , , , , , , , , , , , , , , , , , , , , , , , , , , , , , , , , , , , , , , , , , , , , , , , , 
 , , , , , ,r48, , ,r48, , , , , , , , , , , , , , , , , , , , , , , , , , , , , , , , , , , , , , , , , , , , , , , , , , , , , , , , , , , , , , , , , , , , , , , , , , , , , 
 , ,s57, , , , , , , , , , , , , , , , , , , , , , , , , , , , , , , , , , , , , , , , , , , , , , , , , , , , , , , , , , , , , , , , , , , , , , , , , , , , , , , , , , , , 
 ,s38, ,s58,s48, , , , , ,s50,s53,s54,s51, ,s36, ,s37, , ,s39,s40, , , , ,s41, , ,s42,s43,s44,s45,s46,s47, , , , , , , , ,s10,s11,s12,s13,s14,s15,s16, , , , , , , , , , ,32,33,49,34, , ,59,25,26,27,28,29, , , ,30,31,35, , , , , ,52, , , 
 ,r16, ,r16,r16, , , , , ,r16,r16,r16,r16, ,r16, ,r16, , ,r16,r16, , , , ,r16, , ,r16,r16,r16,r16,r16,r16, , , , , , , , ,r16,r16,r16,r16,r16,r16,r16, , , , , , , , , , , , , , , , , , , , , , , , , , , , , , , , , , , , , 
 ,r17, ,r17,r17, , , , , ,r17,r17,r17,r17, ,r17, ,r17, , ,r17,r17, , , , ,r17, , ,r17,r17,r17,r17,r17,r17, , , , , , , , ,r17,r17,r17,r17,r17,r17,r17, , , , , , , , , , , , , , , , , , , , , , , , , , , , , , , , , , , , , 
 ,r18, ,r18,r18, , , , , ,r18,r18,r18,r18, ,r18, ,r18, , ,r18,r18, , , , ,r18, , ,r18,r18,r18,r18,r18,r18, , , , , , , , ,r18,r18,r18,r18,r18,r18,r18, , , , , , , , , , , , , , , , , , , , , , , , , , , , , , , , , , , , , 
 ,r19, ,r19,r19, , , , , ,r19,r19,r19,r19, ,r19, ,r19, , ,r19,r19, , , , ,r19, , ,r19,r19,r19,r19,r19,r19, , , , , , , , ,r19,r19,r19,r19,r19,r19,r19, , , , , , , , , , , , , , , , , , , , , , , , , , , , , , , , , , , , , 
 ,r20, ,r20,r20, , , , , ,r20,r20,r20,r20, ,r20, ,r20, , ,r20,r20, , , , ,r20, , ,r20,r20,r20,r20,r20,r20, , , , , , , , ,r20,r20,r20,r20,r20,r20,r20, , , , , , , , , , , , , , , , , , , , , , , , , , , , , , , , , , , , , 
 ,r21, ,r21,r21, , , , , ,r21,r21,r21,r21, ,r21, ,r21, , ,r21,r21, , , , ,r21, , ,r21,r21,r21,r21,r21,r21, , , , , , , , ,r21,r21,r21,r21,r21,r21,r21, , , , , , , , , , , , , , , , , , , , , , , , , , , , , , , , , , , , , 
 ,r22, ,r22,r22, , , , , ,r22,r22,r22,r22, ,r22, ,r22, , ,r22,r22, , , , ,r22, , ,r22,r22,r22,r22,r22,r22, , , , , , , , ,r22,r22,r22,r22,r22,r22,r22, , , , , , , , , , , , , , , , , , , , , , , , , , , , , , , , , , , , , 
 ,r23, ,r23,r23, , , , , ,r23,r23,r23,r23, ,r23, ,r23, , ,r23,r23, , , , ,r23, , ,r23,r23,r23,r23,r23,r23, , , , , , , , ,r23,r23,r23,r23,r23,r23,r23, , , , , , , , , , , , , , , , , , , , , , , , , , , , , , , , , , , , , 
 ,r24, ,r24,r24, , , , , ,r24,r24,r24,r24, ,r24, ,r24, , ,r24,r24, , , , ,r24, , ,r24,r24,r24,r24,r24,r24, , , , , , , , ,r24,r24,r24,r24,r24,r24,r24, , , , , , , , , , , , , , , , , , , , , , , , , , , , , , , , , , , , , 
 ,r25, ,r25,r25, , , , , ,r25,r25,r25,r25, ,r25, ,r25, , ,r25,r25, , , , ,r25, , ,r25,r25,r25,r25,r25,r25, , , , , , , , ,r25,r25,r25,r25,r25,r25,r25, , , , , , , , , , , , , , , , , , , , , , , , , , , , , , , , , , , , , 
 ,r26, ,r26,r26, , , , , ,r26,r26,r26,r26, ,r26, ,r26, , ,r26,r26, , , , ,r26, , ,r26,r26,r26,r26,r26,r26, , , , , , , , ,r26,r26,r26,r26,r26,r26,r26, , , , , , , , , , , , , , , , , , , , , , , , , , , , , , , , , , , , , 
 ,r27, ,r27,r27, , , , , ,r27,r27,r27,r27, ,r27, ,r27, , ,r27,r27, , , , ,r27, , ,r27,r27,r27,r27,r27,r27, , , , , , , , ,r27,r27,r27,r27,r27,r27,r27, , , , , , , , , , , , , , , , , , , , , , , , , , , , , , , , , , , , , 
 , , , , ,s60, , , , , , , , , , , , , , , , , , , , , , , , , , , , , , , , , , , , , , , , , , , , , , , , , , , , , , , , , , , , , , , , , , , , , , , , , , , , , , , , , 
 , ,s61, , , , , , , , , , , , , , , , , , , , , , , , , , , , , , , , , , , , , , , , , , , , , , , , , , , , , , , , , , , , , , , , , , , , , , , , , , , , , , , , , , , , 
 , , , , ,s63, , , , , , , , , , , , , ,s62, , , , , , , , , , , , , , , , , , , , , , , , , , , , , , , , , , , , , , , , , , , , , , , , , , , , , , , , , , , , , , , , , , , 
 , , , , ,s64, , , , , , , , , , , , , , , , , , , , , , , , , , , , , , , , , , , , , , , , , , , , , , , , , , , , , , , , , , , , , , , , , , , , , , , , , , , , , , , , , 
 , , , , ,s65, , , , , , , , , , , , , , , , , , , , , , , , , , , , , , , , , , , , , , , , , , , , , , , , , , , , , , , , , , , , , , , , , , , , , , , , , , , , , , , , , 
 , , , , ,s66, , , , , , , , , , , , , , , , , , , , , , , , , , , , , , , , , , , , , , , , , , , , , , , , , , , , , , , , , , , , , , , , , , , , , , , , , , , , , , , , , 
 , , , , ,s67, , , , , , , , , , , , , , , , , , , , , , , , , , , , , , , , , , , , , , , , , , , , , , , , , , , , , , , , , , , , , , , , , , , , , , , , , , , , , , , , , 
 , , , , ,s68, , , , , , , , , , , , , , , , , , , , , , , , , , , , , , , , , , , , , , , , , , , , , , , , , , , , , , , , , , , , , , , , , , , , , , , , , , , , , , , , , 
 , , , , ,s69, , , , , , , , , , , , , , , , , , , , , , , , , , , , , , , , , , , , , , , , , , , , , , , , , , , , , , , , , , , , , , , , , , , , , , , , , , , , , , , , , 
 , , , , ,s70, , , , , , , , , , , , , , , , , , , , , , , , , , , , , , , , , , , , , , , , , , , , , , , , , , , , , , , , , , , , , , , , , , , , , , , , , , , , , , , , , 
 , , , , ,s71, , , , , , , , , , , , , , , , , , , , , , , , , , , , , , , , , , , , , , , , , , , , , , , , , , , , , , , , , , , , , , , , , , , , , , , , , , , , , , , , , 
 , , , , ,s72, , , , , , , , , , , , , , , , , , , , , , , , , , , , , , , , , , , , , , , , , , , , , , , , , , , , , , , , , , , , , , , , , , , , , , , , , , , , , , , , , 
 , , , , ,s73, , , , , , , , , , , , , , , , , , , , , , , , , , , , , , , , , , , , , , , , , , , , , , , , , , , , , , , , , , , , , , , , , , , , , , , , , , , , , , , , , 
 ,r9, ,r9,r9, , , , , ,r9,r9,r9,r9, ,r9, ,r9, , ,r9,r9, , , , ,r9, , ,r9,r9,r9,r9,r9,r9, , , , , , , , ,r9,r9,r9,r9,r9,r9,r9, , , , , , , , , , , , , , , , , , , , , , , , , , , , , , , , , , , , , 
 , , , , ,s74, , , , , , , , , , , , , , , , , , , , , , , , , , , , , , , , , , , , , , , , , , , , , , , , , , , , , , , , , , , , , , , , , , , , , , , , , , , , , , , , , 
 , , , , ,s75, , , , , , , , , , , , , , , , , , , , , , , , , , , , , , , , , , , , , , , , , , , , , , , , , , , , , , , , , , , , , , , , , , , , , , , , , , , , , , , , , 
 ,s21, , , , , , , , , , , , , , , , , , , , , , , , , , , , , , , , , , , , , , , , , , , , , , , , , , , , , , , , , , , , , , , , , , , , , , , , , , , , ,76, , , , , , , , 
 , , , , ,s77, , , , , , , , , , , , , , , , , , , , , , , , , , , , , , , , , , , , , , , , , , , , , , , , , , , , , , , , , , , , , , , , , , , , , , , , , , , , , , , , , 
 , , , , ,s78, , , , , , , , , , , , , , , , , , , , , , , , , , , , , , , , , , , , , , , , , , , , , , , , , , , , , , , , , , , , , , , , , , , , , , , , , , , , , , , , , 
r46, , , , , , , , , , , , , ,r46, , , , , , , , , , , , , , , , , , , , , , , , , , , , ,r46,r46,r46,r46,r46,r46,r46, , , , , , , , , , , , , , , , , , , , , , , , , , , , , , , , , , , , , 
 ,s79, , , , , , , , , , , , , , , , , , , , , , , , , , , , , , , , , , , , , , , , , , , , , , , , , , , , , , , , , , , , , , , , , , , , , , , , , , , , , , , , , , , , , 
 ,s38, , ,s48, , , , , ,s50,s53,s54,s51, ,s36, ,s37, , ,s39,s40, , , , ,s41, , ,s42,s43,s44,s45,s46,s47, , , , , , , , ,s10,s11,s12,s13,s14,s15,s16, , , , , , , , , , ,32,33,49,34, ,80,24,25,26,27,28,29, , , ,30,31,35, , , , , ,52, , , 
 , , , , , , , , , , , , , , , , , , , , , , , , , , , , , , , , , , , , , , , , , , , , , , , , , , , , , ,r14, , , , , , , , , , , , , , , , , , , , , , , , , , , , , , , , 
 ,r15, ,r15,r15, , , , , ,r15,r15,r15,r15, ,r15, ,r15, , ,r15,r15, , , , ,r15, , ,r15,r15,r15,r15,r15,r15, , , , , , , , ,r15,r15,r15,r15,r15,r15,r15, , , , , , , , , , , , , , , , , , , , , , , , , , , , , , , , , , , , , 
 , , , , , , , , , , , , , , , , , , , , , , , , , , , , , , , , , , , , , , , , , , , , , , , , , , ,s85, , , , , , , , , , , , , , , , , , , , , , , , , , , ,81, ,82, , ,83,84, 
 ,s38, , ,s48, , , , , ,s50,s53,s54,s51, ,s36, ,s37, , ,s39,s40, , , , ,s41, , ,s42,s43,s44,s45,s46,s47, , , , , , , , ,s10,s11,s12,s13,s14,s15,s16, , , , , , , , , , ,32,33,49,34, ,86,24,25,26,27,28,29, , , ,30,31,35, , , , , ,52, , , 
 , , , , , , , , , , , , , , , , , , , , , , , , , , , , , , , , , , , , , , , , , , , , , , , , , , ,s91, , , , , , , , , , , , , , , , , , , , , , , , , , , ,87, ,88, , ,89,90, 
 , , , , , , , ,s92, , , , , , , , , , , , , , , , , , , , , , , , , , , , , , , , , , , , , , , , , , , , , , , , , , , , , , , , , , , , , , , , , , , , , , , , , , , , , , 
 , , , , , , , , , , , , , , , , , , , , , , , , , , , , , , , , , , , , , , , , , , , , , , , , , , ,s85, , , , , , , , , , , , , , , , , , , , , , , , , , , ,93, ,82, , ,83,84, 
 ,s94, , , , , , , , , , , , , , , , , , , , , , , , , , , , , , , , , , , , , , , , , , , , , , , , , , , , , , , , , , , , , , , , , , , , , , , , , , , , , , , , , , , , , 
 ,s95, , , , , , , , , , , , , , , , , , , , , , , , , , , , , , , , , , , , , , , , , , , , , , , , , , , , , , , , , , , , , , , , , , , , , , , , , , , , , , , , , , , , , 
 ,s96, , , , , , , , , , , , , , , , , , , , , , , , , , , , , , , , , , , , , , , , , , , , , , , , , , , , , , , , , , , , , , , , , , , , , , , , , , , , , , , , , , , , , 
 ,s97, , , , , , , , , , , , , , , , , , , , , , , , , , , , , , , , , , , , , , , , , , , , , , , , , , , , , , , , , , , , , , , , , , , , , , , , , , , , , , , , , , , , , 
 ,s98, , , , , , , , , , , , , , , , , , , , , , , , , , , , , , , , , , , , , , , , , , , , , , , , , , , , , , , , , , , , , , , , , , , , , , , , , , , , , , , , , , , , , 
 ,s99, , , , , , , , , , , , , , , , , , , , , , , , , , , , , , , , , , , , , , , , , , , , , , , , , , , , , , , , , , , , , , , , , , , , , , , , , , , , , , , , , , , , , 
 ,s100, , , , , , , , , , , , , , , , , , , , , , , , , , , , , , , , , , , , , , , , , , , , , , , , , , , , , , , , , , , , , , , , , , , , , , , , , , , , , , , , , , , , , 
 ,s101, , , , , , , , , , , , , , , , , , , , , , , , , , , , , , , , , , , , , , , , , , , , , , , , , , , , , , , , , , , , , , , , , , , , , , , , , , , , , , , , , , , , , 
 ,s102, , , , , , , , , , , , , , , , , , , , , , , , , , , , , , , , , , , , , , , , , , , , , , , , , , , , , , , , , , , , , , , , , , , , , , , , , , , , , , , , , , , , , 
 ,s103, , , , , , , , , , , , , , , , , , , , , , , , , , , , , , , , , , , , , , , , , , , , , , , , , , , , , , , , , , , , , , , , , , , , , , , , , , , , , , , , , , , , , 
 ,s104, , , , , , , , , , , , , , , , , , , , , , , , , , , , , , , , , , , , , , , , , , , , , , , , , , , , , , , , , , , , , , , , , , , , , , , , , , , , , , , , , , , , , 
 , , , , , ,s56, , ,s105, , , , , , , , , , , , , , , , , , , , , , , , , , , , , , , , , , , , , , , , , , , , , , , , , , , , , , , , , , , , , , , , , , , , , , , , , , , , , 
 ,s106, , , , , , , , , , , , , , , , , , , , , , , , , , , , , , , , , , , , , , , , , , , , , , , , , , , , , , , , , , , , , , , , , , , , , , , , , , , , , , , , , , , , , 
 ,s107, , , , , , , , , , , , , , , , , , , , , , , , , , , , , , , , , , , , , , , , , , , , , , , , , , , , , , , , , , , , , , , , , , , , , , , , , , , , , , , , , , , , , 
 , , , , , ,r47, , ,r47, , , , , , , , , , , , , , , , , , , , , , , , , , , , , , , , , , , , , , , , , , , , , , , , , , , , , , , , , , , , , , , , , , , , , , , , , , , , , 
 ,s38, ,s108,s48, , , , , ,s50,s53,s54,s51, ,s36, ,s37, , ,s39,s40, , , , ,s41, , ,s42,s43,s44,s45,s46,s47, , , , , , , , ,s10,s11,s12,s13,s14,s15,s16, , , , , , , , , , ,32,33,49,34, , ,59,25,26,27,28,29, , , ,30,31,35, , , , , ,52, , , 
 , , , , , , , ,s109, , , , , , , , , , , , , , , , , , , , , , , , , , , , , , , , , , , , , , , , , , , , , , , , , , , , , , , , , , , , , , , , , , , , , , , , , , , , , , 
 , , , , , , , ,r50, , , , , , , , , , , , , , , , , , , , , , , , , , ,s112,s113,s114,s115,s116,s117,s118,s119, , , , , , , , , , , , , , , , , , , , , , , , , , , , , , , , , , , , , ,110, ,111, , , , 
 , , , , , , , ,r58, , , , , , , , , , , , , , , , , , , , , , , , , , ,r58,r58,r58,r58,r58,r58,r58,r58, , , , , , , , , ,s121,s122, , , , , , , , , , , , , , , , , , , , , , , , , , , , , , , , ,120
 , , , , , , , ,r69, , , , , , , , , , , , , , , , , , , , , , , , , , ,r69,r69,r69,r69,r69,r69,r69,r69, , , , , , , ,s123, ,r69,r69, , , , , , , , , , , , , , , , , , , , , , , , , , , , , , , , , 
 , , , , , , , ,r71, , , , , , , , , , , , , , , , , , , , , , , , , , ,r71,r71,r71,r71,r71,r71,r71,r71, , , , , , , ,r71, ,r71,r71, , , , , , , , , , , , , , , , , , , , , , , , , , , , , , , , , 
 ,s38, ,s124,s48, , , , , ,s50,s53,s54,s51, ,s36, ,s37, , ,s39,s40, , , , ,s41, , ,s42,s43,s44,s45,s46,s47, , , , , , , , ,s10,s11,s12,s13,s14,s15,s16, , , , , , , , , , ,32,33,49,34, , ,59,25,26,27,28,29, , , ,30,31,35, , , , , ,52, , , 
 , , , , , , , , ,s125, , , , , , , , , , , , , , , , , , , , , , , , , , , , , , , , , , , , , , , , , , , , , , , , , , , , , , , , , , , , , , , , , , , , , , , , , , , , , 
 , , , , , , , , ,r50, , , , , , , , , , , , , , , , , , , , , , , , , ,s112,s113,s114,s115,s116,s117,s118,s119, , , , , , , , , , , , , , , , , , , , , , , , , , , , , , , , , , , , , ,126, ,127, , , , 
 , , , , , , , , ,r58, , , , , , , , , , , , , , , , , , , , , , , , , ,r58,r58,r58,r58,r58,r58,r58,r58, , , , , , , , , ,s121,s122, , , , , , , , , , , , , , , , , , , , , , , , , , , , , , , , ,128
 , , , , , , , , ,r69, , , , , , , , , , , , , , , , , , , , , , , , , ,r69,r69,r69,r69,r69,r69,r69,r69, , , , , , , ,s129, ,r69,r69, , , , , , , , , , , , , , , , , , , , , , , , , , , , , , , , , 
 , , , , , , , , ,r71, , , , , , , , , , , , , , , , , , , , , , , , , ,r71,r71,r71,r71,r71,r71,r71,r71, , , , , , , ,r71, ,r71,r71, , , , , , , , , , , , , , , , , , , , , , , , , , , , , , , , , 
 , , , , , , , , ,s130, , , , , , , , , , , , , , , , , , , , , , , , , , , , , , , , , , , , , , , , , , , , , , , , , , , , , , , , , , , , , , , , , , , , , , , , , , , , , 
 , , , , , , , ,s131, , , , , , , , , , , , , , , , , , , , , , , , , , , , , , , , , , , , , , , , , , , , , , , , , , , , , , , , , , , , , , , , , , , , , , , , , , , , , , 
 , , , , , , , ,s132, , , , , , , , , , , , , , , , , , , , , , , , , , , , , , , , , , , , , , , , , , , , , , , , , , , , , , , , , , , , , , , , , , , , , , , , , , , , , , 
 , , , , , , , , , , , , , , , , , , ,s133, , , , , , , , , , , , , , , , , , , , , , , , , , , , , , , , , , , , , , , , , , , , , , , , , , , , , , , , , , , , , , , , , , , 
 , , , , , , , ,s134, , , , , , , , , , , , , , , , , , , , , , , , , , , , , , , , , , , , , , , , , , , , , , , , , , , , , , , , , , , , , , , , , , , , , , , , , , , , , , 
 , , , , , ,s135, , , , , , , , , , , , , , , , , , , , , , , , , , , , , , , , , , , , , , , , , , , , , , , , , , , , , , , , , , , , , , , , , , , , , , , , , , , , , , , , 
 , , , , , , , ,s136, , , , , , , , , , , , , , , , , , , , , , , , , , , , , , , , , , , , , , , , , , , , , , , , , , , , , , , , , , , , , , , , , , , , , , , , , , , , , , 
 , , , , , ,s137, , , , , , , , , , , , , , , , , , , , , , , , , , , , , , , , , , , , , , , , , , , , , , , , , , , , , , , , , , , , , , , , , , , , , , , , , , , , , , , , 
 , , , , , ,s138, , , , , , , , , , , , , , , , , , , , , , , , , , , , , , , , , , , , , , , , , , , , , , , , , , , , , , , , , , , , , , , , , , , , , , , , , , , , , , , , 
 , , , , , , , ,s139, , , , , , , , , , , , , , , , , , , , , , , , , , , , , , , , , , , , , , , , , , , , , , , , , , , , , , , , , , , , , , , , , , , , , , , , , , , , , , 
 , , , , , ,s140, , , , , , , , , , , , , , , , , , , , , , , , , , , , , , , , , , , , , , , , , , , , , , , , , , , , , , , , , , , , , , , , , , , , , , , , , , , , , , , , 
 , , , , , ,s141, , , , , , , , , , , , , , , , , , , , , , , , , , , , , , , , , , , , , , , , , , , , , , , , , , , , , , , , , , , , , , , , , , , , , , , , , , , , , , , , 
 , , , , , ,s142, , , , , , , , , , , , , , , , , , , , , , , , , , , , , , , , , , , , , , , , , , , , , , , , , , , , , , , , , , , , , , , , , , , , , , , , , , , , , , , , 
 ,r46, ,r46,r46, , , , , ,r46,r46,r46,r46, ,r46, ,r46, , ,r46,r46, , , , ,r46, , ,r46,r46,r46,r46,r46,r46, , , , , , , , ,r46,r46,r46,r46,r46,r46,r46, , , , , , , , , , , , , , , , , , , , , , , , , , , , , , , , , , , , , 
 , , , , , ,s143, , , , , , , , , , , , , , , , , , , , , , , , , , , , , , , , , , , , , , , , , , , , , , , , , , , , , , , , , , , , , , , , , , , , , , , , , , , , , , , , 
 , , , , , ,s144, , , , , , , , , , , , , , , , , , , , , , , , , , , , , , , , , , , , , , , , , , , , , , , , , , , , , , , , , , , , , , , , , , , , , , , , , , , , , , , , 
r7, , , , , , , , , , , , , ,r7, , , , , , , , , , , , , , , , , , , , , , , , , , , , ,r7,r7,r7,r7,r7,r7,r7, , , , , , , , , , , , , , , , , , , , , , , , , , , , , , , , , , , , , 
 , ,s145, , , , , , , , , , , , , , , , , , , , , , , , , , , , , , , , , , , , , , , , , , , , , , , , , , , , , , , , , , , , , , , , , , , , , , , , , , , , , , , , , , , , 
 , , , , , , , , , , , , , , , , , , , , , , , , , , , , , , , , , , , , , , , , , , , , , , , , , , ,s149, , , , , , , , , , , , , , , , , , , , , , , , , , , , , ,146, , ,147,148, 
 , , , , , , , , , , , , , , , , , , , , , , , , , , , , , , , , , , , , , , , , , , , , , , , , , , ,s85, , , , , , , , , , , , , , , , , , , , , , , , , , , , , , , , ,150,84, 
 , , , , , , , , , , , , , , , , , , , , , , , , , , , , , , , , , , , , , , , , , , , , , , , , , , ,r51, , , , , , , , , , , , , , , , , , , , , , , , , , , , , , , , , , , 
 , , , , , , , , , , , , , , , , , , , , , , , , , , , , , , , , , , , , , , , , , , , , , , , , , , ,r52, , , , , , , , , , , , , , , , , , , , , , , , , , , , , , , , , , , 
 , , , , , , , , , , , , , , , , , , , , , , , , , , , , , , , , , , , , , , , , , , , , , , , , , , ,r53, , , , , , , , , , , , , , , , , , , , , , , , , , , , , , , , , , , 
 , , , , , , , , , , , , , , , , , , , , , , , , , , , , , , , , , , , , , , , , , , , , , , , , , , ,r54, , , , , , , , , , , , , , , , , , , , , , , , , , , , , , , , , , , 
 , , , , , , , , , , , , , , , , , , , , , , , , , , , , , , , , , , , , , , , , , , , , , , , , , , ,r55, , , , , , , , , , , , , , , , , , , , , , , , , , , , , , , , , , , 
 , , , , , , , , , , , , , , , , , , , , , , , , , , , , , , , , , , , , , , , , , , , , , , , , , , ,r56, , , , , , , , , , , , , , , , , , , , , , , , , , , , , , , , , , , 
 , , , , , , , , , , , , , , , , , , , , , , , , , , , , , , , , , , , , , , , , , , , , , , , , , , ,r59, , , , , , , , , , , , , , , , , , , , , , , , , , , , , , , , , , , 
 , , , , , , , , , , , , , , , , , , , , , , , , , , , , , , , , , , , , , , , , , , , , , , , , , , ,r60, , , , , , , , , , , , , , , , , , , , , , , , , , , , , , , , , , , 
 , , , , , , , , , , , , , , , , , , , , , , , , , , , , , , , , , , , , , , , , , , , , , , , , , , ,s85, , , , , , , , , , , , , , , , , , , , , , , , , , , , , , , , , ,151, 
 , , , , , , , , , , , , , , , , , , , , , , , , , , , , , , , , , , , , , , , , , , , , , , , , , , ,r72, , , , , , , , , , , , , , , , , , , , , , , , , , , , , , , , , , , 
 , , , , , , , , , , , , , , , , , , , , , , , , , , , , , , , , , , , , , , , , , , , , , , , , , , ,r73, , , , , , , , , , , , , , , , , , , , , , , , , , , , , , , , , , , 
 , , , , , , , , , , , , , , , , , , , , , , , , , , , , , , , , , , , , , , , , , , , , , , , , , , ,s152, , , , , , , , , , , , , , , , , , , , , , , , , , , , , , , , , , , 
 , , , , , , , , , , , , , , , , , ,s153, , , , , , , , , , , , , , , , , , , , , , , , , , , , , , , , , , , , , , , , , , , , , , , , , , , , , , , , , , , , , , , , , , , , 
 ,r31, ,r31,r31, , , , , ,r31,r31,r31,r31, ,r31, ,r31, , ,r31,r31, , , , ,r31, , ,r31,r31,r31,r31,r31,r31, , , , , , , , ,r31,r31,r31,r31,r31,r31,r31, , , , , , , , , , , , , , , , , , , , , , , , , , , , , , , , , , , , , 
 , , , , , , , , , , , , , , , , , , , , , , , , , , , , , , , , , , , , , , , , , , , , , , , , , , ,s157, , , , , , , , , , , , , , , , , , , , , , , , , , , , , ,154, , ,155,156, 
 , , , , , , , , , , , , , , , , , , , , , , , , , , , , , , , , , , , , , , , , , , , , , , , , , , ,s91, , , , , , , , , , , , , , , , , , , , , , , , , , , , , , , , ,158,90, 
 , , , , , , , , , , , , , , , , , , , , , , , , , , , , , , , , , , , , , , , , , , , , , , , , , , ,s91, , , , , , , , , , , , , , , , , , , , , , , , , , , , , , , , , ,159, 
 , , , , , , , , , , , , , , , , , , , , , , , , , , , , , , , , , , , , , , , , , , , , , , , , , , ,s160, , , , , , , , , , , , , , , , , , , , , , , , , , , , , , , , , , , 
 ,r39, ,r39,r39, , , , , ,r39,r39,r39,r39, ,r39, ,r39, , ,r39,r39, , , , ,r39, , ,r39,r39,r39,r39,r39,r39, , , , , , , , ,r39,r39,r39,r39,r39,r39,r39, , , , , , , , , , , , , , , , , , , , , , , , , , , , , , , , , , , , , 
 , ,s161, , , , , , , , , , , , , , , , , , , , , , , , , , , , , , , , , , , , , , , , , , , , , , , , , , , , , , , , , , , , , , , , , , , , , , , , , , , , , , , , , , , , 
 , ,s162, , , , , , , , , , , , , , , , , , , , , , , , , , , , , , , , , , , , , , , , , , , , , , , , , , , , , , , , , , , , , , , , , , , , , , , , , , , , , , , , , , , , 
 , , , , , , ,s163, , , , , , , , , , , , , , , , , , , , , , , , , , , , , , , , , , , , , , , , , , , , , , , , , , , , , , , , , , , , , , , , , , , , , , , , , , , , , , , 
 , , , , , , , , ,s164, , , , , , , , , , , , , , , , , , , , , , , , , , , , , , , , , , , , , , , , , , , , , , , , , , , , , , , , , , , , , , , , , , , , , , , , , , , , , 
 ,s165, , , , , , , , , , , , , , , , , , , , , , , , , , , , , , , , , , , , , , , , , , , , , , , , , , , , , , , , , , , , , , , , , , , , , , , , , , , , , , , , , , , , , 
 , , , , , , , , ,s166, , , , , , , , , , , , , , , , , , , , , , , , , , , , , , , , , , , , , , , , , , , , , , , , , , , , , , , , , , , , , , , , , , , , , , , , , , , , , 
 ,s167, , , , , , , , , , , , , , , , , , , , , , , , , , , , , , , , , , , , , , , , , , , , , , , , , , , , , , , , , , , , , , , , , , , , , , , , , , , , , , , , , , , , , 
 ,s168, , , , , , , , , , , , , , , , , , , , , , , , , , , , , , , , , , , , , , , , , , , , , , , , , , , , , , , , , , , , , , , , , , , , , , , , , , , , , , , , , , , , , 
 , , , , , , , , ,s169, , , , , , , , , , , , , , , , , , , , , , , , , , , , , , , , , , , , , , , , , , , , , , , , , , , , , , , , , , , , , , , , , , , , , , , , , , , , , 
 ,s170, , , , , , , , , , , , , , , , , , , , , , , , , , , , , , , , , , , , , , , , , , , , , , , , , , , , , , , , , , , , , , , , , , , , , , , , , , , , , , , , , , , , , 
 ,s171, , , , , , , , , , , , , , , , , , , , , , , , , , , , , , , , , , , , , , , , , , , , , , , , , , , , , , , , , , , , , , , , , , , , , , , , , , , , , , , , , , , , , 
 ,s172, , , , , , , , , , , , , , , , , , , , , , , , , , , , , , , , , , , , , , , , , , , , , , , , , , , , , , , , , , , , , , , , , , , , , , , , , , , , , , , , , , , , , 
 ,s173, , , , , , , , , , , , , , , , , , , , , , , , , , , , , , , , , , , , , , , , , , , , , , , , , , , , , , , , , , , , , , , , , , , , , , , , , , , , , , , , , , , , , 
 ,s174, , , , , , , , , , , , , , , , , , , , , , , , , , , , , , , , , , , , , , , , , , , , , , , , , , , , , , , , , , , , , , , , , , , , , , , , , , , , , , , , , , , , , 
 ,s38, , ,s48, , , , , ,s50,s53,s54,s51, ,s36, ,s37, , ,s39,s40, , , , ,s41, , ,s42,s43,s44,s45,s46,s47, , , , , , , , ,s10,s11,s12,s13,s14,s15,s16, , , , , , , , , , ,32,33,49,34, ,175,24,25,26,27,28,29, , , ,30,31,35, , , , , ,52, , , 
 , , , , , , , ,r49, , , , , , , , , , , , , , , , , , , , , , , , , , , , , , , , ,s118,s119, , , , , , , , , , , , , , , , , , , , , , , , , , , , , , , , , , , , , , , ,176, , , , 
 , , , , , , , ,r58, , , , , , , , , , , , , , , , , , , , , , , , , , , , , , , , ,r58,r58, , , , , , , , , ,s121,s122, , , , , , , , , , , , , , , , , , , , , , , , , , , , , , , , ,177
 , , , , , , , ,r69, , , , , , , , , , , , , , , , , , , , , , , , , , , , , , , , ,r69,r69, , , , , , , ,s178, ,r69,r69, , , , , , , , , , , , , , , , , , , , , , , , , , , , , , , , , 
 , , , , , , , ,r71, , , , , , , , , , , , , , , , , , , , , , , , , , , , , , , , ,r71,r71, , , , , , , ,r71, ,r71,r71, , , , , , , , , , , , , , , , , , , , , , , , , , , , , , , , , 
 , , , , , , , ,r57, , , , , , , , , , , , , , , , , , , , , , , , , , ,r57,r57,r57,r57,r57,r57,r57,r57, , , , , , , , , ,s121,s122, , , , , , , , , , , , , , , , , , , , , , , , , , , , , , , , ,120
 , , , , , , , ,r68, , , , , , , , , , , , , , , , , , , , , , , , , , ,r68,r68,r68,r68,r68,r68,r68,r68, , , , , , , ,s123, ,r68,r68, , , , , , , , , , , , , , , , , , , , , , , , , , , , , , , , , 
 , , , , , , , ,r70, , , , , , , , , , , , , , , , , , , , , , , , , , ,r70,r70,r70,r70,r70,r70,r70,r70, , , , , , , ,r70, ,r70,r70, , , , , , , , , , , , , , , , , , , , , , , , , , , , , , , , , 
 , , , , ,s179, , , , , , , , , , , , , , , , , , , , , , , , , , , , , , , , , , , , , , , , , , , , , , , , , , , , , , , , , , , , , , , , , , , , , , , , , , , , , , , , , 
 , , , , , , , , ,r49, , , , , , , , , , , , , , , , , , , , , , , , , , , , , , , ,s118,s119, , , , , , , , , , , , , , , , , , , , , , , , , , , , , , , , , , , , , , , ,180, , , , 
 , , , , , , , , ,r58, , , , , , , , , , , , , , , , , , , , , , , , , , , , , , , ,r58,r58, , , , , , , , , ,s121,s122, , , , , , , , , , , , , , , , , , , , , , , , , , , , , , , , ,181
 , , , , , , , , ,r69, , , , , , , , , , , , , , , , , , , , , , , , , , , , , , , ,r69,r69, , , , , , , ,s182, ,r69,r69, , , , , , , , , , , , , , , , , , , , , , , , , , , , , , , , , 
 , , , , , , , , ,r71, , , , , , , , , , , , , , , , , , , , , , , , , , , , , , , ,r71,r71, , , , , , , ,r71, ,r71,r71, , , , , , , , , , , , , , , , , , , , , , , , , , , , , , , , , 
 , , , , , , , , ,r57, , , , , , , , , , , , , , , , , , , , , , , , , ,r57,r57,r57,r57,r57,r57,r57,r57, , , , , , , , , ,s121,s122, , , , , , , , , , , , , , , , , , , , , , , , , , , , , , , , ,128
 , , , , , , , , ,r68, , , , , , , , , , , , , , , , , , , , , , , , , ,r68,r68,r68,r68,r68,r68,r68,r68, , , , , , , ,s129, ,r68,r68, , , , , , , , , , , , , , , , , , , , , , , , , , , , , , , , , 
 , , , , , , , , ,r70, , , , , , , , , , , , , , , , , , , , , , , , , ,r70,r70,r70,r70,r70,r70,r70,r70, , , , , , , ,r70, ,r70,r70, , , , , , , , , , , , , , , , , , , , , , , , , , , , , , , , , 
 ,s38, , ,s48, , , , , ,s50,s53,s54,s51, ,s36, ,s37, , ,s39,s40, , , , ,s41, , ,s42,s43,s44,s45,s46,s47, , , , , , , , ,s10,s11,s12,s13,s14,s15,s16, , , , , , , , , , ,32,33,49,34, ,183,24,25,26,27,28,29, , , ,30,31,35, , , , , ,52, , , 
 , , , , , , , , , , , , , , , , , , , , , ,s186, , , , , , , , , , , , , , , , , , , , , , , , , , , , , , , , , , , , , , , , , , , , , , , , , ,184,185, , , , , , , , , , , , , 
 , , , , , , , , , , , , , , , , , , , , , , , , , , ,s187, , , , , , , , , , , , , , , , , , , , , , , , , , , , , , , , , , , , , , , , , , , , , , , , , , , , , , , , , , , 
 ,r40, ,r40,r40, , , , , ,r40,r40,r40,r40, ,r40, ,r40, , ,r40,r40, , , , ,r40, , ,r40,r40,r40,r40,r40,r40, , , , , , , , ,r40,r40,r40,r40,r40,r40,r40, , , , , , , , , , , , , , , , , , , , , , , , , , , , , , , , , , , , , 
 , , , , , , , ,s188, , , , , , , , , , , , , , , , , , , , , , , , , , , , , , , , , , , , , , , , , , , , , , , , , , , , , , , , , , , , , , , , , , , , , , , , , , , , , , 
 ,r42, ,r42,r42, , , , , ,r42,r42,r42,r42, ,r42, ,r42, , ,r42,r42, , , , ,r42, , ,r42,r42,r42,r42,r42,r42, , , , , , , , ,r42,r42,r42,r42,r42,r42,r42, , , , , , , , , , , , , , , , , , , , , , , , , , , , , , , , , , , , , 
 , , , , , , , ,s189, , , , , , , , , , , , , , , , , , , , , , , , , , , , , , , , , , , , , , , , , , , , , , , , , , , , , , , , , , , , , , , , , , , , , , , , , , , , , , 
 , , , , , , , ,s190, , , , , , , , , , , , , , , , , , , , , , , , , , , , , , , , , , , , , , , , , , , , , , , , , , , , , , , , , , , , , , , , , , , , , , , , , , , , , , 
 ,r45, ,r45,r45, , , , , ,r45,r45,r45,r45, ,r45, ,r45, , ,r45,r45, , , , ,r45, , ,r45,r45,r45,r45,r45,r45, , , , , , , , ,r45,r45,r45,r45,r45,r45,r45, , , , , , , , , , , , , , , , , , , , , , , , , , , , , , , , , , , , , 
 , , , , , ,s191, , , , , , , , , , , , , , , , , , , , , , , , , , , , , , , , , , , , , , , , , , , , , , , , , , , , , , , , , , , , , , , , , , , , , , , , , , , , , , , , 
 , , , , , ,s192, , , , , , , , , , , , , , , , , , , , , , , , , , , , , , , , , , , , , , , , , , , , , , , , , , , , , , , , , , , , , , , , , , , , , , , , , , , , , , , , 
 , , , , , , , ,s193, , , , , , , , , , , , , , , , , , , , , , , , , , , , , , , , , , , , , , , , , , , , , , , , , , , , , , , , , , , , , , , , , , , , , , , , , , , , , , 
 , , , , , ,s194, , , , , , , , , , , , , , , , , , , , , , , , , , , , , , , , , , , , , , , , , , , , , , , , , , , , , , , , , , , , , , , , , , , , , , , , , , , , , , , , 
 , , , , , ,s195, , , , , , , , , , , , , , , , , , , , , , , , , , , , , , , , , , , , , , , , , , , , , , , , , , , , , , , , , , , , , , , , , , , , , , , , , , , , , , , , 
 ,s38, ,s196,s48, , , , , ,s50,s53,s54,s51, ,s36, ,s37, , ,s39,s40, , , , ,s41, , ,s42,s43,s44,s45,s46,s47, , , , , , , , ,s10,s11,s12,s13,s14,s15,s16, , , , , , , , , , ,32,33,49,34, , ,59,25,26,27,28,29, , , ,30,31,35, , , , , ,52, , , 
 , , , , , , , , , , , , , , , , , , , , , , , , , , , , , , , , , , , , , , , , , , , , , , , , , , ,s149, , , , , , , , , , , , , , , , , , , , , , , , , , , , , , , , ,197,148, 
 , , , , , , , , , , , , , , , , , , , , , , , , , , , , , , , , , , , , , , , , , , , , , , , , , , ,s149, , , , , , , , , , , , , , , , , , , , , , , , , , , , , , , , , ,198, 
 , , , , , , , , , , , , , , , , , , , , , , , , , , , , , , , , , , , , , , , , , , , , , , , , , , ,s199, , , , , , , , , , , , , , , , , , , , , , , , , , , , , , , , , , , 
 , , , , , , , , , , , , , , , , , , , , , , , , , , , , , , , , , , , , , , , , , , , , , , , , , , ,s85, , , , , , , , , , , , , , , , , , , , , , , , , , , ,200, ,82, , ,83,84, 
 , , , , , , , , , , , , , , , , , , , , , , , , , , , , , , , , , , , , , , , , , , , , , , , , , , ,s157, , , , , , , , , , , , , , , , , , , , , , , , , , , , , , , , ,201,156, 
 , , , , , , , , , , , , , , , , , , , , , , , , , , , , , , , , , , , , , , , , , , , , , , , , , , ,s157, , , , , , , , , , , , , , , , , , , , , , , , , , , , , , , , , ,202, 
 , , , , , , , , , , , , , , , , , , , , , , , , , , , , , , , , , , , , , , , , , , , , , , , , , , ,s203, , , , , , , , , , , , , , , , , , , , , , , , , , , , , , , , , , , 
 ,s38, ,s204,s48, , , , , ,s50,s53,s54,s51, ,s36, ,s37, , ,s39,s40, , , , ,s41, , ,s42,s43,s44,s45,s46,s47, , , , , , , , ,s10,s11,s12,s13,s14,s15,s16, , , , , , , , , , ,32,33,49,34, , ,59,25,26,27,28,29, , , ,30,31,35, , , , , ,52, , , 
 , , ,s205, , , , , , , , , , , , , , , , , , ,s186, , , , , , , , , , , , , , , , , , , , , , , , , , , , , , , , , , , , , , , , , , , , , , , , , , ,206, , , , , , , , , , , , , 
 , , ,r35, , , , , , , , , , , , , , , , , , ,r35, , , , , , , , , , , , , , , , , , , , , , , , , , , , , , , , , , , , , , , , , , , , , , , , , , , , , , , , , , , , , , , , 
 , , , , , , , , , , , , , , , , , , , , , , ,s207, , , , , , , , , , , , , , , , , , , , , , , , , , , , , , , , , , , , , , , , , , , , , , , , , , , , , , , , , , , , , , , 
 , , , , , , ,s208, , , , , , , , , , , , , , , , , , , , , , , , , , , , , , , , , , , , , , , , , , , , , , , , , , , , , , , , , , , , , , , , , , , , , , , , , , , , , , , 
 , , , , , , , , ,s209, , , , , , , , , , , , , , , , , , , , , , , , , , , , , , , , , , , , , , , , , , , , , , , , , , , , , , , , , , , , , , , , , , , , , , , , , , , , , 
 , , , , , , , , ,s210, , , , , , , , , , , , , , , , , , , , , , , , , , , , , , , , , , , , , , , , , , , , , , , , , , , , , , , , , , , , , , , , , , , , , , , , , , , , , 
 , , , , , , , , ,s211, , , , , , , , , , , , , , , , , , , , , , , , , , , , , , , , , , , , , , , , , , , , , , , , , , , , , , , , , , , , , , , , , , , , , , , , , , , , , 
 , , , , , , ,s212, , , , , , , , , , , , , , , , , , , , , , , , , , , , , , , , , , , , , , , , , , , , , , , , , , , , , , , , , , , , , , , , , , , , , , , , , , , , , , , 
 , , , , , , ,s213, , , , , , , , , , , , , , , , , , , , , , , , , , , , , , , , , , , , , , , , , , , , , , , , , , , , , , , , , , , , , , , , , , , , , , , , , , , , , , , 
 , , , , , , , , ,s214, , , , , , , , , , , , , , , , , , , , , , , , , , , , , , , , , , , , , , , , , , , , , , , , , , , , , , , , , , , , , , , , , , , , , , , , , , , , , 
 ,s215, , , , , , , , , , , , , , , , , , , , , , , , , , , , , , , , , , , , , , , , , , , , , , , , , , , , , , , , , , , , , , , , , , , , , , , , , , , , , , , , , , , , , 
 , , , , , , ,s216, , , , , , , , , , , , , , , , , , , , , , , , , , , , , , , , , , , , , , , , , , , , , , , , , , , , , , , , , , , , , , , , , , , , , , , , , , , , , , , 
 ,r28, ,r28,r28, , , , , ,r28,r28,r28,r28, ,r28,s217,r28, , ,r28,r28, , , , ,r28, , ,r28,r28,r28,r28,r28,r28, , , , , , , , ,r28,r28,r28,r28,r28,r28,r28, , , , , , , , , , , , , , , , , , , , , , , , , , , , , , , , , , , , , 
 , , , , , , , ,r57, , , , , , , , , , , , , , , , , , , , , , , , , , , , , , , , ,r57,r57, , , , , , , , , ,s121,s122, , , , , , , , , , , , , , , , , , , , , , , , , , , , , , , , ,177
 , , , , , , , ,r68, , , , , , , , , , , , , , , , , , , , , , , , , , , , , , , , ,r68,r68, , , , , , , ,s178, ,r68,r68, , , , , , , , , , , , , , , , , , , , , , , , , , , , , , , , , 
 , , , , , , , ,r70, , , , , , , , , , , , , , , , , , , , , , , , , , , , , , , , ,r70,r70, , , , , , , ,r70, ,r70,r70, , , , , , , , , , , , , , , , , , , , , , , , , , , , , , , , , 
 , , , , , , , ,s218, , , , , , , , , , , , , , , , , , , , , , , , , , , , , , , , , , , , , , , , , , , , , , , , , , , , , , , , , , , , , , , , , , , , , , , , , , , , , , 
 , , , , , , , , ,r57, , , , , , , , , , , , , , , , , , , , , , , , , , , , , , , ,r57,r57, , , , , , , , , ,s121,s122, , , , , , , , , , , , , , , , , , , , , , , , , , , , , , , , ,181
 , , , , , , , , ,r68, , , , , , , , , , , , , , , , , , , , , , , , , , , , , , , ,r68,r68, , , , , , , ,s182, ,r68,r68, , , , , , , , , , , , , , , , , , , , , , , , , , , , , , , , , 
 , , , , , , , , ,r70, , , , , , , , , , , , , , , , , , , , , , , , , , , , , , , ,r70,r70, , , , , , , ,r70, ,r70,r70, , , , , , , , , , , , , , , , , , , , , , , , , , , , , , , , , 
 ,r32, ,r32,r32, , , , , ,r32,r32,r32,r32, ,r32, ,r32, , ,r32,r32, , , , ,r32, , ,r32,r32,r32,r32,r32,r32, , , , , , , , ,r32,r32,r32,r32,r32,r32,r32, , , , , , , , , , , , , , , , , , , , , , , , , , , , , , , , , , , , , 
 ,r33, ,r33,r33, , , , , ,r33,r33,r33,r33, ,r33, ,r33, , ,r33,r33, , , , ,r33, , ,r33,r33,r33,r33,r33,r33, , , , , , , , ,r33,r33,r33,r33,r33,r33,r33, , , , , , , , , , , , , , , , , , , , , , , , , , , , , , , , , , , , , 
 , , ,r34, , , , , , , , , , , , , , , , , , ,r34, , , , , , , , , , , , , , , , , , , , , , , , , , , , , , , , , , , , , , , , , , , , , , , , , , , , , , , , , , , , , , , , 
 , ,s219, , , , , , , , , , , , , , , , , , , , , , , , , , , , , , , , , , , , , , , , , , , , , , , , , , , , , , , , , , , , , , , , , , , , , , , , , , , , , , , , , , , , 
 , , , , , ,s220, , , , , , , , , , , , , , , , , , , , , , , , , , , , , , , , , , , , , , , , , , , , , , , , , , , , , , , , , , , , , , , , , , , , , , , , , , , , , , , , 
 ,r41, ,r41,r41, , , , , ,r41,r41,r41,r41, ,r41, ,r41, , ,r41,r41, , , , ,r41, , ,r41,r41,r41,r41,r41,r41, , , , , , , , ,r41,r41,r41,r41,r41,r41,r41, , , , , , , , , , , , , , , , , , , , , , , , , , , , , , , , , , , , , 
 ,r43, ,r43,r43, , , , , ,r43,r43,r43,r43, ,r43, ,r43, , ,r43,r43, , , , ,r43, , ,r43,r43,r43,r43,r43,r43, , , , , , , , ,r43,r43,r43,r43,r43,r43,r43, , , , , , , , , , , , , , , , , , , , , , , , , , , , , , , , , , , , , 
 ,r44, ,r44,r44, , , , , ,r44,r44,r44,r44, ,r44, ,r44, , ,r44,r44, , , , ,r44, , ,r44,r44,r44,r44,r44,r44, , , , , , , , ,r44,r44,r44,r44,r44,r44,r44, , , , , , , , , , , , , , , , , , , , , , , , , , , , , , , , , , , , , 
 , , , , , ,s221, , , , , , , , , , , , , , , , , , , , , , , , , , , , , , , , , , , , , , , , , , , , , , , , , , , , , , , , , , , , , , , , , , , , , , , , , , , , , , , , 
 , , , , , ,s222, , , , , , , , , , , , , , , , , , , , , , , , , , , , , , , , , , , , , , , , , , , , , , , , , , , , , , , , , , , , , , , , , , , , , , , , , , , , , , , , 
 ,r13, ,r13,r13, , , , , ,r13,r13,r13,r13, ,r13, ,r13, , ,r13,r13, , , , ,r13, , ,r13,r13,r13,r13,r13,r13, , , , , , , , ,r13,r13,r13,r13,r13,r13,r13, , , , , , , , , , , , , , , , , , , , , , , , , , , , , , , , , , , , , 
 , , , , , ,s223, , , , , , , , , , , , , , , , , , , , , , , , , , , , , , , , , , , , , , , , , , , , , , , , , , , , , , , , , , , , , , , , , , , , , , , , , , , , , , , , 
 , , , , , ,s224, , , , , , , , , , , , , , , , , , , , , , , , , , , , , , , , , , , , , , , , , , , , , , , , , , , , , , , , , , , , , , , , , , , , , , , , , , , , , , , , 
 , ,s225, , , , , , , , , , , , , , , , , , , , , , , , , , , , , , , , , , , , , , , , , , , , , , , , , , , , , , , , , , , , , , , , , , , , , , , , , , , , , , , , , , , , 
 ,r30, ,r30,r30, , , , , ,r30,r30,r30,r30, ,r30, ,r30, , ,r30,r30, , , , ,r30, , ,r30,r30,r30,r30,r30,r30, , , , , , , , ,r30,r30,r30,r30,r30,r30,r30, , , , , , , , , , , , , , , , , , , , , , , , , , , , , , , , , , , , , 
 ,s38, , ,s48, , , , , ,s50,s53,s54,s51, ,s36, ,s37, , ,s39,s40, , , , ,s41, , ,s42,s43,s44,s45,s46,s47, , , , , , , , ,s10,s11,s12,s13,s14,s15,s16, , , , , , , , , , ,32,33,49,34, ,226,24,25,26,27,28,29, , , ,30,31,35, , , , , ,52, , , 
 , , , , , , , , , , , , , , , , , , , , , , , , , , , ,s227, , , , , , , , , , , , , , , , , , , , , , , , , , , , , , , , , , , , , , , , , , , , , , , , , , , , , , , , , , 
 , , , , , , ,s228, , , , , , , , , , , , , , , , , , , , , , , , , , , , , , , , , , , , , , , , , , , , , , , , , , , , , , , , , , , , , , , , , , , , , , , , , , , , , , , 
 , , , , , , ,s229, , , , , , , , , , , , , , , , , , , , , , , , , , , , , , , , , , , , , , , , , , , , , , , , , , , , , , , , , , , , , , , , , , , , , , , , , , , , , , , 
 , , , , , , ,s230, , , , , , , , , , , , , , , , , , , , , , , , , , , , , , , , , , , , , , , , , , , , , , , , , , , , , , , , , , , , , , , , , , , , , , , , , , , , , , , 
 , , , , , , ,s231, , , , , , , , , , , , , , , , , , , , , , , , , , , , , , , , , , , , , , , , , , , , , , , , , , , , , , , , , , , , , , , , , , , , , , , , , , , , , , , 
 ,s38, , ,s48, , , , , ,s50,s53,s54,s51, ,s36, ,s37, , ,s39,s40, , , , ,s41, , ,s42,s43,s44,s45,s46,s47, , , , , , , , ,s10,s11,s12,s13,s14,s15,s16, , , , , , , , , , ,32,33,49,34, ,232,24,25,26,27,28,29, , , ,30,31,35, , , , , ,52, , , 
 ,s38, ,s233,s48, , , , , ,s50,s53,s54,s51, ,s36, ,s37, , ,s39,s40, , , , ,s41, , ,s42,s43,s44,s45,s46,s47, , , , , , , , ,s10,s11,s12,s13,s14,s15,s16, , , , , , , , , , ,32,33,49,34, , ,59,25,26,27,28,29, , , ,30,31,35, , , , , ,52, , , 
 , , , , , , ,s234, , , , , , , , , , , , , , , , , , , , , , , , , , , , , , , , , , , , , , , , , , , , , , , , , , , , , , , , , , , , , , , , , , , , , , , , , , , , , , , 
 , , , , , ,s235, , , , , , , , , , , , , , , , , , , , , , , , , , , , , , , , , , , , , , , , , , , , , , , , , , , , , , , , , , , , , , , , , , , , , , , , , , , , , , , , 
 , , , , , ,s236, , , , , , , , , , , , , , , , , , , , , , , , , , , , , , , , , , , , , , , , , , , , , , , , , , , , , , , , , , , , , , , , , , , , , , , , , , , , , , , , 
 , , , , , ,s237, , , , , , , , , , , , , , , , , , , , , , , , , , , , , , , , , , , , , , , , , , , , , , , , , , , , , , , , , , , , , , , , , , , , , , , , , , , , , , , , 
 , , , , , ,s238, , , , , , , , , , , , , , , , , , , , , , , , , , , , , , , , , , , , , , , , , , , , , , , , , , , , , , , , , , , , , , , , , , , , , , , , , , , , , , , , 
 ,s38, ,s239,s48, , , , , ,s50,s53,s54,s51, ,s36, ,s37, , ,s39,s40, , , , ,s41, , ,s42,s43,s44,s45,s46,s47, , , , , , , , ,s10,s11,s12,s13,s14,s15,s16, , , , , , , , , , ,32,33,49,34, , ,59,25,26,27,28,29, , , ,30,31,35, , , , , ,52, , , 
 , , , , , , , , , , , , , , , , , , , , , , , ,s240, , , , , , , , , , , , , , , , , , , , , , , , , , , , , , , , , , , , , , , , , , , , , , , , , , , , , , , , , , , , , , 
 , , , , , , , ,s241, , , , , , , , , , , , , , , , , , , , , , , , , , , , , , , , , , , , , , , , , , , , , , , , , , , , , , , , , , , , , , , , , , , , , , , , , , , , , , 
 , , , , , , ,s242, , , , , , , , , , , , , , , , , , , , , , , , , , , , , , , , , , , , , , , , , , , , , , , , , , , , , , , , , , , , , , , , , , , , , , , , , , , , , , , 
 ,s243, , , , , , , , , , , , , , , , , , , , , , , , , , , , , , , , , , , , , , , , , , , , , , , , , , , , , , , , , , , , , , , , , , , , , , , , , , , , , , , , , , , , , 
 , , , , , , ,s244, , , , , , , , , , , , , , , , , , , , , , , , , , , , , , , , , , , , , , , , , , , , , , , , , , , , , , , , , , , , , , , , , , , , , , , , , , , , , , , 
 , , , , , , ,s245, , , , , , , , , , , , , , , , , , , , , , , , , , , , , , , , , , , , , , , , , , , , , , , , , , , , , , , , , , , , , , , , , , , , , , , , , , , , , , , 
 ,r29, ,r29,r29, , , , , ,r29,r29,r29,r29, ,r29, ,r29, , ,r29,r29, , , , ,r29, , ,r29,r29,r29,r29,r29,r29, , , , , , , , ,r29,r29,r29,r29,r29,r29,r29, , , , , , , , , , , , , , , , , , , , , , , , , , , , , , , , , , , , , 
 , , , , , , , , ,s246, , , , , , , , , , , , , , , , , , , , , , , , , , , , , , , , , , , , , , , , , , , , , , , , , , , , , , , , , , , , , , , , , , , , , , , , , , , , , 
 , ,s247, , , , , , , , , , , , , , , , , , , , , , , , , , , , , , , , , , , , , , , , , , , , , , , , , , , , , , , , , , , , , , , , , , , , , , , , , , , , , , , , , , , , 
 , , , , , ,s248, , , , , , , , , , , , , , , , , , , , , , , , , , , , , , , , , , , , , , , , , , , , , , , , , , , , , , , , , , , , , , , , , , , , , , , , , , , , , , , , 
 , , , , , , , ,s249, , , , , , , , , , , , , , , , , , , , , , , , , , , , , , , , , , , , , , , , , , , , , , , , , , , , , , , , , , , , , , , , , , , , , , , , , , , , , , 
 , , , , , ,s250, , , , , , , , , , , , , , , , , , , , , , , , , , , , , , , , , , , , , , , , , , , , , , , , , , , , , , , , , , , , , , , , , , , , , , , , , , , , , , , , 
 , , , , , ,s251, , , , , , , , , , , , , , , , , , , , , , , , , , , , , , , , , , , , , , , , , , , , , , , , , , , , , , , , , , , , , , , , , , , , , , , , , , , , , , , , 
 , , ,r36, , , , , , , , , , , , , , , , , , ,r36, , , , , , , , , , , , , , , , , , , , , , , , , , , , , , , , , , , , , , , , , , , , , , , , , , , , , , , , , , , , , , , , 
 ,s38, , ,s48, , , , , ,s50,s53,s54,s51, ,s36, ,s37, , ,s39,s40, , , , ,s41, , ,s42,s43,s44,s45,s46,s47, , , , , , , , ,s10,s11,s12,s13,s14,s15,s16, , , , , , , , , , ,32,33,49,34, ,252,24,25,26,27,28,29, , , ,30,31,35, , , , , ,52, , , 
 , , , , , , ,s253, , , , , , , , , , , , , , , , , , , , , , , , , , , , , , , , , , , , , , , , , , , , , , , , , , , , , , , , , , , , , , , , , , , , , , , , , , , , , , , 
 , , , , , , , , ,s254, , , , , , , , , , , , , , , , , , , , , , , , , , , , , , , , , , , , , , , , , , , , , , , , , , , , , , , , , , , , , , , , , , , , , , , , , , , , , 
 , , , , , , ,s255, , , , , , , , , , , , , , , , , , , , , , , , , , , , , , , , , , , , , , , , , , , , , , , , , , , , , , , , , , , , , , , , , , , , , , , , , , , , , , , 
 , , , , , , ,s256, , , , , , , , , , , , , , , , , , , , , , , , , , , , , , , , , , , , , , , , , , , , , , , , , , , , , , , , , , , , , , , , , , , , , , , , , , , , , , , 
 ,s38, ,s257,s48, , , , , ,s50,s53,s54,s51, ,s36, ,s37, , ,s39,s40, , , , ,s41, , ,s42,s43,s44,s45,s46,s47, , , , , , , , ,s10,s11,s12,s13,s14,s15,s16, , , , , , , , , , ,32,33,49,34, , ,59,25,26,27,28,29, , , ,30,31,35, , , , , ,52, , , 
 , , , , , , , ,s258, , , , , , , , , , , , , , , , , , , , , , , , , , , , , , , , , , , , , , , , , , , , , , , , , , , , , , , , , , , , , , , , , , , , , , , , , , , , , , 
 ,r10, ,r10,r10, , , , , ,r10,r10,r10,r10, ,r10, ,r10, , ,r10,r10, , , , ,r10, , ,r10,r10,r10,r10,r10,r10, , , , , , , , ,r10,r10,r10,r10,r10,r10,r10, , , , , , , , , , , , , , , , , , , , , , , , , , , , , , , , , , , , , 
 , , , , , ,s259, , , , , , , , , , , , , , , , , , , , , , , , , , , , , , , , , , , , , , , , , , , , , , , , , , , , , , , , , , , , , , , , , , , , , , , , , , , , , , , , 
 , , , , , , , ,s260, , , , , , , , , , , , , , , , , , , , , , , , , , , , , , , , , , , , , , , , , , , , , , , , , , , , , , , , , , , , , , , , , , , , , , , , , , , , , , 
 ,r38, ,r38,r38, , , , , ,r38,r38,r38,r38, ,r38, ,r38, , ,r38,r38, , , , ,r38, , ,r38,r38,r38,r38,r38,r38, , , , , , , , ,r38,r38,r38,r38,r38,r38,r38, , , , , , , , , , , , , , , , , , , , , , , , , , , , , , , , , , , , , 
 , , , , , , , , ,s261, , , , , , , , , , , , , , , , , , , , , , , , , , , , , , , , , , , , , , , , , , , , , , , , , , , , , , , , , , , , , , , , , , , , , , , , , , , , , 
 , , , , , , ,s262, , , , , , , , , , , , , , , , , , , , , , , , , , , , , , , , , , , , , , , , , , , , , , , , , , , , , , , , , , , , , , , , , , , , , , , , , , , , , , , 
 , , , , , , , , ,s263, , , , , , , , , , , , , , , , , , , , , , , , , , , , , , , , , , , , , , , , , , , , , , , , , , , , , , , , , , , , , , , , , , , , , , , , , , , , , 
 ,r8, ,r8,r8, , , , , ,r8,r8,r8,r8, ,r8, ,r8, , ,r8,r8, , , , ,r8, , ,r8,r8,r8,r8,r8,r8, , , , , , , , ,r8,r8,r8,r8,r8,r8,r8, , , , , , , , , , , , , , , , , , , , , , , , , , , , , , , , , , , , , 
 , , , , , , , ,s264, , , , , , , , , , , , , , , , , , , , , , , , , , , , , , , , , , , , , , , , , , , , , , , , , , , , , , , , , , , , , , , , , , , , , , , , , , , , , , 
 ,r12, ,r12,r12, , , , , ,r12,r12,r12,r12, ,r12, ,r12, , ,r12,r12, , , , ,r12, , ,r12,r12,r12,r12,r12,r12, , , , , , , , ,r12,r12,r12,r12,r12,r12,r12, , , , , , , , , , , , , , , , , , , , , , , , , , , , , , , , , , , , , 
 , , , , , , , , ,s265, , , , , , , , , , , , , , , , , , , , , , , , , , , , , , , , , , , , , , , , , , , , , , , , , , , , , , , , , , , , , , , , , , , , , , , , , , , , , 
 ,r11, ,r11,r11, , , , , ,r11,r11,r11,r11, ,r11, ,r11, , ,r11,r11, , , , ,r11, , ,r11,r11,r11,r11,r11,r11, , , , , , , , ,r11,r11,r11,r11,r11,r11,r11, , , , , , , , , , , , , , , , , , , , , , , , , , , , , , , , , , , , , 
