func,id,{,},CreaVentana,(,",",num,),";",CreaLabel,CreaBoton,CreaTextbox,CreaEvento,Main,if,else,repeat,until,:=,while,switch,case,break,default,for,:,step,CierraVentana,LeeTextBox,Loop,ImprimeTextBox,Concat,Mbox,Err:520,>,<,>=,<=,!=,+,-,int,float,string,vent,textBox,label,boton,^,*,/,$,programa',programa,estructura,def,def-func,def-vent,def-ctrl,crea-control,def-evnt,def-main,secuencia-sent,sentencia,sent-if,sent-repeat,sent-assign,sent-while,sent-switch,secuencia-case,sentencia-case,sentencia-default,sent-for,sent-func,sent-declara,identificadores,exp,op-comparacion,exp-simple,opsuma,tipo,term,potencia,opmult,factor,const
s9,,,,,,,,,,,,,,s5,,,,,,,,,,,,,,,,,,,,,,,,,,,,s10,s11,s12,s13,s14,s15,s16,,,,,,1,2,4,7,,,,,3,,,,,,,,,,,,,6,,,,,,8,,,,,
,,,,,,,,,,,,,,,,,,,,,,,,,,,,,,,,,,,,,,,,,,,,,,,,,,,,acc,,,,,,,,,,,,,,,,,,,,,,,,,,,,,,,,,,
s9,,,,,,,,,,,,,,s5,,,,,,,,,,,,,,,,,,,,,,,,,,,,s10,s11,s12,s13,s14,s15,s16,,,,,,,,18,7,,,,,17,,,,,,,,,,,,,6,,,,,,8,,,,,
,,,,,,,,,,,,,,,,,,,,,,,,,,,,,,,,,,,,,,,,,,,,,,,,,,,,r2,,,,,,,,,,,,,,,,,,,,,,,,,,,,,,,,,,
r4,,,,,,,,,,,,,,r4,,,,,,,,,,,,,,,,,,,,,,,,,,,,r4,r4,r4,r4,r4,r4,r4,,,,,,,,,,,,,,,,,,,,,,,,,,,,,,,,,,,,,,
,,s19,,,,,,,,,,,,,,,,,,,,,,,,,,,,,,,,,,,,,,,,,,,,,,,,,,,,,,,,,,,,,,,,,,,,,,,,,,,,,,,,,,,,
r5,,,,,,,,,,,,,,r5,,,,,,,,,,,,,,,,,,,,,,,,,,,,r5,r5,r5,r5,r5,r5,r5,,,,,,,,,,,,,,,,,,,,,,,,,,,,,,,,,,,,,,
r6,,,,,,,,,,,,,,r6,,,,,,,,,,,,,,,,,,,,,,,,,,,,r6,r6,r6,r6,r6,r6,r6,,,,,,,,,,,,,,,,,,,,,,,,,,,,,,,,,,,,,,
,s21,,,,,,,,,,,,,,,,,,,,,,,,,,,,,,,,,,,,,,,,,,,,,,,,,,,,,,,,,,,,,,,,,,,,,,,,,,,20,,,,,,,,,,
,s22,,,,,,,,,,,,,,,,,,,,,,,,,,,,,,,,,,,,,,,,,,,,,,,,,,,,,,,,,,,,,,,,,,,,,,,,,,,,,,,,,,,,,
,r61,,,,,,,,,,,,,,,,,,,,,,,,,,,,,,,,,,,,,,,,,,,,,,,,,,,,,,,,,,,,,,,,,,,,,,,,,,,,,,,,,,,,,
,r62,,,,,,,,,,,,,,,,,,,,,,,,,,,,,,,,,,,,,,,,,,,,,,,,,,,,,,,,,,,,,,,,,,,,,,,,,,,,,,,,,,,,,
,r63,,,,,,,,,,,,,,,,,,,,,,,,,,,,,,,,,,,,,,,,,,,,,,,,,,,,,,,,,,,,,,,,,,,,,,,,,,,,,,,,,,,,,
,r64,,,,,,,,,,,,,,,,,,,,,,,,,,,,,,,,,,,,,,,,,,,,,,,,,,,,,,,,,,,,,,,,,,,,,,,,,,,,,,,,,,,,,
,r65,,,,,,,,,,,,,,,,,,,,,,,,,,,,,,,,,,,,,,,,,,,,,,,,,,,,,,,,,,,,,,,,,,,,,,,,,,,,,,,,,,,,,
,r66,,,,,,,,,,,,,,,,,,,,,,,,,,,,,,,,,,,,,,,,,,,,,,,,,,,,,,,,,,,,,,,,,,,,,,,,,,,,,,,,,,,,,
,r67,,,,,,,,,,,,,,,,,,,,,,,,,,,,,,,,,,,,,,,,,,,,,,,,,,,,,,,,,,,,,,,,,,,,,,,,,,,,,,,,,,,,,
,,,,,,,,,,,,,,,,,,,,,,,,,,,,,,,,,,,,,,,,,,,,,,,,,,,,r1,,,,,,,,,,,,,,,,,,,,,,,,,,,,,,,,,,
r3,,,,,,,,,,,,,,r3,,,,,,,,,,,,,,,,,,,,,,,,,,,,r3,r3,r3,r3,r3,r3,r3,,,,,,,,,,,,,,,,,,,,,,,,,,,,,,,,,,,,,,
,s38,,,s48,,,,,,s50,s53,s54,s51,,s36,,s37,,,s39,s40,,,,s41,,,s42,s43,s44,s45,s46,s47,,,,,,,,,s10,s11,s12,s13,s14,s15,s16,,,,,,,,,,32,33,49,34,,23,24,25,26,27,28,29,,,,30,31,35,,,,,,52,,,,,
,,,,,,s56,,,s55,,,,,,,,,,,,,,,,,,,,,,,,,,,,,,,,,,,,,,,,,,,,,,,,,,,,,,,,,,,,,,,,,,,,,,,,,,,,,
,,,,,,r48,,,r48,,,,,,,,,,,,,,,,,,,,,,,,,,,,,,,,,,,,,,,,,,,,,,,,,,,,,,,,,,,,,,,,,,,,,,,,,,,,,
,,s57,,,,,,,,,,,,,,,,,,,,,,,,,,,,,,,,,,,,,,,,,,,,,,,,,,,,,,,,,,,,,,,,,,,,,,,,,,,,,,,,,,,,
,s38,,s58,s48,,,,,,s50,s53,s54,s51,,s36,,s37,,,s39,s40,,,,s41,,,s42,s43,s44,s45,s46,s47,,,,,,,,,s10,s11,s12,s13,s14,s15,s16,,,,,,,,,,32,33,49,34,,,59,25,26,27,28,29,,,,30,31,35,,,,,,52,,,,,
,r16,,r16,r16,,,,,,r16,r16,r16,r16,,r16,,r16,,,r16,r16,,,,r16,,,r16,r16,r16,r16,r16,r16,,,,,,,,,r16,r16,r16,r16,r16,r16,r16,,,,,,,,,,,,,,,,,,,,,,,,,,,,,,,,,,,,,,
,r17,,r17,r17,,,,,,r17,r17,r17,r17,,r17,,r17,,,r17,r17,,,,r17,,,r17,r17,r17,r17,r17,r17,,,,,,,,,r17,r17,r17,r17,r17,r17,r17,,,,,,,,,,,,,,,,,,,,,,,,,,,,,,,,,,,,,,
,r18,,r18,r18,,,,,,r18,r18,r18,r18,,r18,,r18,,,r18,r18,,,,r18,,,r18,r18,r18,r18,r18,r18,,,,,,,,,r18,r18,r18,r18,r18,r18,r18,,,,,,,,,,,,,,,,,,,,,,,,,,,,,,,,,,,,,,
,r19,,r19,r19,,,,,,r19,r19,r19,r19,,r19,,r19,,,r19,r19,,,,r19,,,r19,r19,r19,r19,r19,r19,,,,,,,,,r19,r19,r19,r19,r19,r19,r19,,,,,,,,,,,,,,,,,,,,,,,,,,,,,,,,,,,,,,
,r20,,r20,r20,,,,,,r20,r20,r20,r20,,r20,,r20,,,r20,r20,,,,r20,,,r20,r20,r20,r20,r20,r20,,,,,,,,,r20,r20,r20,r20,r20,r20,r20,,,,,,,,,,,,,,,,,,,,,,,,,,,,,,,,,,,,,,
,r21,,r21,r21,,,,,,r21,r21,r21,r21,,r21,,r21,,,r21,r21,,,,r21,,,r21,r21,r21,r21,r21,r21,,,,,,,,,r21,r21,r21,r21,r21,r21,r21,,,,,,,,,,,,,,,,,,,,,,,,,,,,,,,,,,,,,,
,r22,,r22,r22,,,,,,r22,r22,r22,r22,,r22,,r22,,,r22,r22,,,,r22,,,r22,r22,r22,r22,r22,r22,,,,,,,,,r22,r22,r22,r22,r22,r22,r22,,,,,,,,,,,,,,,,,,,,,,,,,,,,,,,,,,,,,,
,r23,,r23,r23,,,,,,r23,r23,r23,r23,,r23,,r23,,,r23,r23,,,,r23,,,r23,r23,r23,r23,r23,r23,,,,,,,,,r23,r23,r23,r23,r23,r23,r23,,,,,,,,,,,,,,,,,,,,,,,,,,,,,,,,,,,,,,
,r24,,r24,r24,,,,,,r24,r24,r24,r24,,r24,,r24,,,r24,r24,,,,r24,,,r24,r24,r24,r24,r24,r24,,,,,,,,,r24,r24,r24,r24,r24,r24,r24,,,,,,,,,,,,,,,,,,,,,,,,,,,,,,,,,,,,,,
,r25,,r25,r25,,,,,,r25,r25,r25,r25,,r25,,r25,,,r25,r25,,,,r25,,,r25,r25,r25,r25,r25,r25,,,,,,,,,r25,r25,r25,r25,r25,r25,r25,,,,,,,,,,,,,,,,,,,,,,,,,,,,,,,,,,,,,,
,r26,,r26,r26,,,,,,r26,r26,r26,r26,,r26,,r26,,,r26,r26,,,,r26,,,r26,r26,r26,r26,r26,r26,,,,,,,,,r26,r26,r26,r26,r26,r26,r26,,,,,,,,,,,,,,,,,,,,,,,,,,,,,,,,,,,,,,
,r27,,r27,r27,,,,,,r27,r27,r27,r27,,r27,,r27,,,r27,r27,,,,r27,,,r27,r27,r27,r27,r27,r27,,,,,,,,,r27,r27,r27,r27,r27,r27,r27,,,,,,,,,,,,,,,,,,,,,,,,,,,,,,,,,,,,,,
,,,,,s60,,,,,,,,,,,,,,,,,,,,,,,,,,,,,,,,,,,,,,,,,,,,,,,,,,,,,,,,,,,,,,,,,,,,,,,,,,,,,,,,,
,,s61,,,,,,,,,,,,,,,,,,,,,,,,,,,,,,,,,,,,,,,,,,,,,,,,,,,,,,,,,,,,,,,,,,,,,,,,,,,,,,,,,,,,
,,,,,s63,,,,,,,,,,,,,,s62,,,,,,,,,,,,,,,,,,,,,,,,,,,,,,,,,,,,,,,,,,,,,,,,,,,,,,,,,,,,,,,,,,,
,,,,,s64,,,,,,,,,,,,,,,,,,,,,,,,,,,,,,,,,,,,,,,,,,,,,,,,,,,,,,,,,,,,,,,,,,,,,,,,,,,,,,,,,
,,,,,s65,,,,,,,,,,,,,,,,,,,,,,,,,,,,,,,,,,,,,,,,,,,,,,,,,,,,,,,,,,,,,,,,,,,,,,,,,,,,,,,,,
,,,,,s66,,,,,,,,,,,,,,,,,,,,,,,,,,,,,,,,,,,,,,,,,,,,,,,,,,,,,,,,,,,,,,,,,,,,,,,,,,,,,,,,,
,,,,,s67,,,,,,,,,,,,,,,,,,,,,,,,,,,,,,,,,,,,,,,,,,,,,,,,,,,,,,,,,,,,,,,,,,,,,,,,,,,,,,,,,
,,,,,s68,,,,,,,,,,,,,,,,,,,,,,,,,,,,,,,,,,,,,,,,,,,,,,,,,,,,,,,,,,,,,,,,,,,,,,,,,,,,,,,,,
,,,,,s69,,,,,,,,,,,,,,,,,,,,,,,,,,,,,,,,,,,,,,,,,,,,,,,,,,,,,,,,,,,,,,,,,,,,,,,,,,,,,,,,,
,,,,,s70,,,,,,,,,,,,,,,,,,,,,,,,,,,,,,,,,,,,,,,,,,,,,,,,,,,,,,,,,,,,,,,,,,,,,,,,,,,,,,,,,
,,,,,s71,,,,,,,,,,,,,,,,,,,,,,,,,,,,,,,,,,,,,,,,,,,,,,,,,,,,,,,,,,,,,,,,,,,,,,,,,,,,,,,,,
,,,,,s72,,,,,,,,,,,,,,,,,,,,,,,,,,,,,,,,,,,,,,,,,,,,,,,,,,,,,,,,,,,,,,,,,,,,,,,,,,,,,,,,,
,,,,,s73,,,,,,,,,,,,,,,,,,,,,,,,,,,,,,,,,,,,,,,,,,,,,,,,,,,,,,,,,,,,,,,,,,,,,,,,,,,,,,,,,
,r9,,r9,r9,,,,,,r9,r9,r9,r9,,r9,,r9,,,r9,r9,,,,r9,,,r9,r9,r9,r9,r9,r9,,,,,,,,,r9,r9,r9,r9,r9,r9,r9,,,,,,,,,,,,,,,,,,,,,,,,,,,,,,,,,,,,,,
,,,,,s74,,,,,,,,,,,,,,,,,,,,,,,,,,,,,,,,,,,,,,,,,,,,,,,,,,,,,,,,,,,,,,,,,,,,,,,,,,,,,,,,,
,,,,,s75,,,,,,,,,,,,,,,,,,,,,,,,,,,,,,,,,,,,,,,,,,,,,,,,,,,,,,,,,,,,,,,,,,,,,,,,,,,,,,,,,
,s21,,,,,,,,,,,,,,,,,,,,,,,,,,,,,,,,,,,,,,,,,,,,,,,,,,,,,,,,,,,,,,,,,,,,,,,,,,,76,,,,,,,,,,
,,,,,s77,,,,,,,,,,,,,,,,,,,,,,,,,,,,,,,,,,,,,,,,,,,,,,,,,,,,,,,,,,,,,,,,,,,,,,,,,,,,,,,,,
,,,,,s78,,,,,,,,,,,,,,,,,,,,,,,,,,,,,,,,,,,,,,,,,,,,,,,,,,,,,,,,,,,,,,,,,,,,,,,,,,,,,,,,,
r46,,,,,,,,,,,,,,r46,,,,,,,,,,,,,,,,,,,,,,,,,,,,r46,r46,r46,r46,r46,r46,r46,,,,,,,,,,,,,,,,,,,,,,,,,,,,,,,,,,,,,,
,s79,,,,,,,,,,,,,,,,,,,,,,,,,,,,,,,,,,,,,,,,,,,,,,,,,,,,,,,,,,,,,,,,,,,,,,,,,,,,,,,,,,,,,
,s38,,,s48,,,,,,s50,s53,s54,s51,,s36,,s37,,,s39,s40,,,,s41,,,s42,s43,s44,s45,s46,s47,,,,,,,,,s10,s11,s12,s13,s14,s15,s16,,,,,,,,,,32,33,49,34,,80,24,25,26,27,28,29,,,,30,31,35,,,,,,52,,,,,
,,,,,,,,,,,,,,,,,,,,,,,,,,,,,,,,,,,,,,,,,,,,,,,,,,,,r14,,,,,,,,,,,,,,,,,,,,,,,,,,,,,,,,,,
,r15,,r15,r15,,,,,,r15,r15,r15,r15,,r15,,r15,,,r15,r15,,,,r15,,,r15,r15,r15,r15,r15,r15,,,,,,,,,r15,r15,r15,r15,r15,r15,r15,,,,,,,,,,,,,,,,,,,,,,,,,,,,,,,,,,,,,,
,s88,,,,s86,,s87,,,,,,,,,,,,,,,,,,,,,,,,,,,,,,,,,,,,,,,,,,,,,,,,,,,,,,,,,,,,,,,,,,,,,,81,,82,,,83,84,,85,
,s38,,,s48,,,,,,s50,s53,s54,s51,,s36,,s37,,,s39,s40,,,,s41,,,s42,s43,s44,s45,s46,s47,,,,,,,,,s10,s11,s12,s13,s14,s15,s16,,,,,,,,,,32,33,49,34,,89,24,25,26,27,28,29,,,,30,31,35,,,,,,52,,,,,
,s97,,,,s95,,s96,,,,,,,,,,,,,,,,,,,,,,,,,,,,,,,,,,,,,,,,,,,,,,,,,,,,,,,,,,,,,,,,,,,,,,90,,91,,,92,93,,94,
,,,,,,,,s98,,,,,,,,,,,,,,,,,,,,,,,,,,,,,,,,,,,,,,,,,,,,,,,,,,,,,,,,,,,,,,,,,,,,,,,,,,,,,,
,s88,,,,s86,,s87,,,,,,,,,,,,,,,,,,,,,,,,,,,,,,,,,,,,,,,,,,,,,,,,,,,,,,,,,,,,,,,,,,,,,,99,,82,,,83,84,,85,
,s100,,,,,,,,,,,,,,,,,,,,,,,,,,,,,,,,,,,,,,,,,,,,,,,,,,,,,,,,,,,,,,,,,,,,,,,,,,,,,,,,,,,,,
,s101,,,,,,,,,,,,,,,,,,,,,,,,,,,,,,,,,,,,,,,,,,,,,,,,,,,,,,,,,,,,,,,,,,,,,,,,,,,,,,,,,,,,,
,s102,,,,,,,,,,,,,,,,,,,,,,,,,,,,,,,,,,,,,,,,,,,,,,,,,,,,,,,,,,,,,,,,,,,,,,,,,,,,,,,,,,,,,
,s103,,,,,,,,,,,,,,,,,,,,,,,,,,,,,,,,,,,,,,,,,,,,,,,,,,,,,,,,,,,,,,,,,,,,,,,,,,,,,,,,,,,,,
,s104,,,,,,,,,,,,,,,,,,,,,,,,,,,,,,,,,,,,,,,,,,,,,,,,,,,,,,,,,,,,,,,,,,,,,,,,,,,,,,,,,,,,,
,s105,,,,,,,,,,,,,,,,,,,,,,,,,,,,,,,,,,,,,,,,,,,,,,,,,,,,,,,,,,,,,,,,,,,,,,,,,,,,,,,,,,,,,
,s106,,,,,,,,,,,,,,,,,,,,,,,,,,,,,,,,,,,,,,,,,,,,,,,,,,,,,,,,,,,,,,,,,,,,,,,,,,,,,,,,,,,,,
,s107,,,,,,,,,,,,,,,,,,,,,,,,,,,,,,,,,,,,,,,,,,,,,,,,,,,,,,,,,,,,,,,,,,,,,,,,,,,,,,,,,,,,,
,s108,,,,,,,,,,,,,,,,,,,,,,,,,,,,,,,,,,,,,,,,,,,,,,,,,,,,,,,,,,,,,,,,,,,,,,,,,,,,,,,,,,,,,
,s109,,,,,,,,,,,,,,,,,,,,,,,,,,,,,,,,,,,,,,,,,,,,,,,,,,,,,,,,,,,,,,,,,,,,,,,,,,,,,,,,,,,,,
,s110,,,,,,,,,,,,,,,,,,,,,,,,,,,,,,,,,,,,,,,,,,,,,,,,,,,,,,,,,,,,,,,,,,,,,,,,,,,,,,,,,,,,,
,,,,,,s56,,,s111,,,,,,,,,,,,,,,,,,,,,,,,,,,,,,,,,,,,,,,,,,,,,,,,,,,,,,,,,,,,,,,,,,,,,,,,,,,,,
,s112,,,,,,,,,,,,,,,,,,,,,,,,,,,,,,,,,,,,,,,,,,,,,,,,,,,,,,,,,,,,,,,,,,,,,,,,,,,,,,,,,,,,,
,s113,,,,,,,,,,,,,,,,,,,,,,,,,,,,,,,,,,,,,,,,,,,,,,,,,,,,,,,,,,,,,,,,,,,,,,,,,,,,,,,,,,,,,
,,,,,,r47,,,r47,,,,,,,,,,,,,,,,,,,,,,,,,,,,,,,,,,,,,,,,,,,,,,,,,,,,,,,,,,,,,,,,,,,,,,,,,,,,,
,s38,,s114,s48,,,,,,s50,s53,s54,s51,,s36,,s37,,,s39,s40,,,,s41,,,s42,s43,s44,s45,s46,s47,,,,,,,,,s10,s11,s12,s13,s14,s15,s16,,,,,,,,,,32,33,49,34,,,59,25,26,27,28,29,,,,30,31,35,,,,,,52,,,,,
,,,,,,,,s115,,,,,,,,,,,,,,,,,,,,,,,,,,,,,,,,,,,,,,,,,,,,,,,,,,,,,,,,,,,,,,,,,,,,,,,,,,,,,,
,,,,,,,,r50,,,,,,,,,,,,,,,,,,,,,,,,,,s118,s119,s120,s121,s122,s123,s124,s125,,,,,,,,,,,,,,,,,,,,,,,,,,,,,,,,,,,,,116,,117,,,,,,
,,,,,,,,r58,,,,,,,,,,,,,,,,,,,,,,,,,,r58,r58,r58,r58,r58,r58,r58,r58,,,,,,,,,s127,s128,,,,,,,,,,,,,,,,,,,,,,,,,,,,,,,,,126,,
,,,,,,,,r69,,,,,,,,,,,,,,,,,,,,,,,,,,r69,r69,r69,r69,r69,r69,r69,r69,,,,,,,,s129,r69,r69,,,,,,,,,,,,,,,,,,,,,,,,,,,,,,,,,,,
,,,,,,,,r71,,,,,,,,,,,,,,,,,,,,,,,,,,r71,r71,r71,r71,r71,r71,r71,r71,,,,,,,,r71,r71,r71,,,,,,,,,,,,,,,,,,,,,,,,,,,,,,,,,,,
,s88,,,,s86,,s87,,,,,,,,,,,,,,,,,,,,,,,,,,,,,,,,,,,,,,,,,,,,,,,,,,,,,,,,,,,,,,,,,,,,,,130,,82,,,83,84,,85,
,,,,,,,,r75,,,,,,,,,,,,,,,,,,,,,,,,,,r75,r75,r75,r75,r75,r75,r75,r75,,,,,,,,r75,r75,r75,,,,,,,,,,,,,,,,,,,,,,,,,,,,,,,,,,,
,,,,,,,,r76,,,,,,,,,,,,,,,,,,,,,,,,,,r76,r76,r76,r76,r76,r76,r76,r76,,,,,,,,r76,r76,r76,,,,,,,,,,,,,,,,,,,,,,,,,,,,,,,,,,,
,s38,,s131,s48,,,,,,s50,s53,s54,s51,,s36,,s37,,,s39,s40,,,,s41,,,s42,s43,s44,s45,s46,s47,,,,,,,,,s10,s11,s12,s13,s14,s15,s16,,,,,,,,,,32,33,49,34,,,59,25,26,27,28,29,,,,30,31,35,,,,,,52,,,,,
,,,,,,,,,s132,,,,,,,,,,,,,,,,,,,,,,,,,,,,,,,,,,,,,,,,,,,,,,,,,,,,,,,,,,,,,,,,,,,,,,,,,,,,,
,,,,,,,,,r50,,,,,,,,,,,,,,,,,,,,,,,,,s118,s119,s120,s121,s122,s123,s124,s125,,,,,,,,,,,,,,,,,,,,,,,,,,,,,,,,,,,,,133,,134,,,,,,
,,,,,,,,,r58,,,,,,,,,,,,,,,,,,,,,,,,,r58,r58,r58,r58,r58,r58,r58,r58,,,,,,,,,s127,s128,,,,,,,,,,,,,,,,,,,,,,,,,,,,,,,,,135,,
,,,,,,,,,r69,,,,,,,,,,,,,,,,,,,,,,,,,r69,r69,r69,r69,r69,r69,r69,r69,,,,,,,,s136,r69,r69,,,,,,,,,,,,,,,,,,,,,,,,,,,,,,,,,,,
,,,,,,,,,r71,,,,,,,,,,,,,,,,,,,,,,,,,r71,r71,r71,r71,r71,r71,r71,r71,,,,,,,,r71,r71,r71,,,,,,,,,,,,,,,,,,,,,,,,,,,,,,,,,,,
,s88,,,,s86,,s87,,,,,,,,,,,,,,,,,,,,,,,,,,,,,,,,,,,,,,,,,,,,,,,,,,,,,,,,,,,,,,,,,,,,,,137,,82,,,83,84,,85,
,,,,,,,,,r75,,,,,,,,,,,,,,,,,,,,,,,,,r75,r75,r75,r75,r75,r75,r75,r75,,,,,,,,r75,r75,r75,,,,,,,,,,,,,,,,,,,,,,,,,,,,,,,,,,,
,,,,,,,,,r76,,,,,,,,,,,,,,,,,,,,,,,,,r76,r76,r76,r76,r76,r76,r76,r76,,,,,,,,r76,r76,r76,,,,,,,,,,,,,,,,,,,,,,,,,,,,,,,,,,,
,,,,,,,,,s138,,,,,,,,,,,,,,,,,,,,,,,,,,,,,,,,,,,,,,,,,,,,,,,,,,,,,,,,,,,,,,,,,,,,,,,,,,,,,
,,,,,,,,s139,,,,,,,,,,,,,,,,,,,,,,,,,,,,,,,,,,,,,,,,,,,,,,,,,,,,,,,,,,,,,,,,,,,,,,,,,,,,,,
,,,,,,,,s140,,,,,,,,,,,,,,,,,,,,,,,,,,,,,,,,,,,,,,,,,,,,,,,,,,,,,,,,,,,,,,,,,,,,,,,,,,,,,,
,,,,,,,,,,,,,,,,,,,s141,,,,,,,,,,,,,,,,,,,,,,,,,,,,,,,,,,,,,,,,,,,,,,,,,,,,,,,,,,,,,,,,,,,
,,,,,,,,s142,,,,,,,,,,,,,,,,,,,,,,,,,,,,,,,,,,,,,,,,,,,,,,,,,,,,,,,,,,,,,,,,,,,,,,,,,,,,,,
,,,,,,s143,,,,,,,,,,,,,,,,,,,,,,,,,,,,,,,,,,,,,,,,,,,,,,,,,,,,,,,,,,,,,,,,,,,,,,,,,,,,,,,,
,,,,,,,,s144,,,,,,,,,,,,,,,,,,,,,,,,,,,,,,,,,,,,,,,,,,,,,,,,,,,,,,,,,,,,,,,,,,,,,,,,,,,,,,
,,,,,,s145,,,,,,,,,,,,,,,,,,,,,,,,,,,,,,,,,,,,,,,,,,,,,,,,,,,,,,,,,,,,,,,,,,,,,,,,,,,,,,,,
,,,,,,s146,,,,,,,,,,,,,,,,,,,,,,,,,,,,,,,,,,,,,,,,,,,,,,,,,,,,,,,,,,,,,,,,,,,,,,,,,,,,,,,,
,,,,,,,,s147,,,,,,,,,,,,,,,,,,,,,,,,,,,,,,,,,,,,,,,,,,,,,,,,,,,,,,,,,,,,,,,,,,,,,,,,,,,,,,
,,,,,,s148,,,,,,,,,,,,,,,,,,,,,,,,,,,,,,,,,,,,,,,,,,,,,,,,,,,,,,,,,,,,,,,,,,,,,,,,,,,,,,,,
,,,,,,s149,,,,,,,,,,,,,,,,,,,,,,,,,,,,,,,,,,,,,,,,,,,,,,,,,,,,,,,,,,,,,,,,,,,,,,,,,,,,,,,,
,,,,,,s150,,,,,,,,,,,,,,,,,,,,,,,,,,,,,,,,,,,,,,,,,,,,,,,,,,,,,,,,,,,,,,,,,,,,,,,,,,,,,,,,
,r46,,r46,r46,,,,,,r46,r46,r46,r46,,r46,,r46,,,r46,r46,,,,r46,,,r46,r46,r46,r46,r46,r46,,,,,,,,,r46,r46,r46,r46,r46,r46,r46,,,,,,,,,,,,,,,,,,,,,,,,,,,,,,,,,,,,,,
,,,,,,s151,,,,,,,,,,,,,,,,,,,,,,,,,,,,,,,,,,,,,,,,,,,,,,,,,,,,,,,,,,,,,,,,,,,,,,,,,,,,,,,,
,,,,,,s152,,,,,,,,,,,,,,,,,,,,,,,,,,,,,,,,,,,,,,,,,,,,,,,,,,,,,,,,,,,,,,,,,,,,,,,,,,,,,,,,
r7,,,,,,,,,,,,,,r7,,,,,,,,,,,,,,,,,,,,,,,,,,,,r7,r7,r7,r7,r7,r7,r7,,,,,,,,,,,,,,,,,,,,,,,,,,,,,,,,,,,,,,
,,s153,,,,,,,,,,,,,,,,,,,,,,,,,,,,,,,,,,,,,,,,,,,,,,,,,,,,,,,,,,,,,,,,,,,,,,,,,,,,,,,,,,,,
,s160,,,,s158,,s159,,,,,,,,,,,,,,,,,,,,,,,,,,,,,,,,,,,,,,,,,,,,,,,,,,,,,,,,,,,,,,,,,,,,,,,,154,,,155,156,,157,
,s88,,,,s86,,s87,,,,,,,,,,,,,,,,,,,,,,,,,,,,,,,,,,,,,,,,,,,,,,,,,,,,,,,,,,,,,,,,,,,,,,,,,,,161,84,,85,
,r51,,,,r51,,r51,,,,,,,,,,,,,,,,,,,,,,,,,,,,,,,,,,,,,,,,,,,,,,,,,,,,,,,,,,,,,,,,,,,,,,,,,,,,,,,
,r52,,,,r52,,r52,,,,,,,,,,,,,,,,,,,,,,,,,,,,,,,,,,,,,,,,,,,,,,,,,,,,,,,,,,,,,,,,,,,,,,,,,,,,,,,
,r53,,,,r53,,r53,,,,,,,,,,,,,,,,,,,,,,,,,,,,,,,,,,,,,,,,,,,,,,,,,,,,,,,,,,,,,,,,,,,,,,,,,,,,,,,
,r54,,,,r54,,r54,,,,,,,,,,,,,,,,,,,,,,,,,,,,,,,,,,,,,,,,,,,,,,,,,,,,,,,,,,,,,,,,,,,,,,,,,,,,,,,
,r55,,,,r55,,r55,,,,,,,,,,,,,,,,,,,,,,,,,,,,,,,,,,,,,,,,,,,,,,,,,,,,,,,,,,,,,,,,,,,,,,,,,,,,,,,
,r56,,,,r56,,r56,,,,,,,,,,,,,,,,,,,,,,,,,,,,,,,,,,,,,,,,,,,,,,,,,,,,,,,,,,,,,,,,,,,,,,,,,,,,,,,
,r59,,,,r59,,r59,,,,,,,,,,,,,,,,,,,,,,,,,,,,,,,,,,,,,,,,,,,,,,,,,,,,,,,,,,,,,,,,,,,,,,,,,,,,,,,
,r60,,,,r60,,r60,,,,,,,,,,,,,,,,,,,,,,,,,,,,,,,,,,,,,,,,,,,,,,,,,,,,,,,,,,,,,,,,,,,,,,,,,,,,,,,
,s88,,,,s86,,s87,,,,,,,,,,,,,,,,,,,,,,,,,,,,,,,,,,,,,,,,,,,,,,,,,,,,,,,,,,,,,,,,,,,,,,,,,,,,162,,85,
,r72,,,,r72,,r72,,,,,,,,,,,,,,,,,,,,,,,,,,,,,,,,,,,,,,,,,,,,,,,,,,,,,,,,,,,,,,,,,,,,,,,,,,,,,,,
,r73,,,,r73,,r73,,,,,,,,,,,,,,,,,,,,,,,,,,,,,,,,,,,,,,,,,,,,,,,,,,,,,,,,,,,,,,,,,,,,,,,,,,,,,,,
,s88,,,,s86,,s87,,,,,,,,,,,,,,,,,,,,,,,,,,,,,,,,,,,,,,,,,,,,,,,,,,,,,,,,,,,,,,,,,,,,,,,,,,,,,,163,
,,,,,,,,s164,,,,,,,,,,,,,,,,,,,,,,,,,,,,,,,,,,,,,,,,,,,,,,,,,,,,,,,,,,,,,,,,,,,,,,,,,,,,,,
,,,,,,,,,,,,,,,,,,s165,,,,,,,,,,,,,,,,,,,,,,,,,,,,,,,,,,,,,,,,,,,,,,,,,,,,,,,,,,,,,,,,,,,,
,r31,,r31,r31,,,,,,r31,r31,r31,r31,,r31,,r31,,,r31,r31,,,,r31,,,r31,r31,r31,r31,r31,r31,,,,,,,,,r31,r31,r31,r31,r31,r31,r31,,,,,,,,,,,,,,,,,,,,,,,,,,,,,,,,,,,,,,
,s172,,,,s170,,s171,,,,,,,,,,,,,,,,,,,,,,,,,,,,,,,,,,,,,,,,,,,,,,,,,,,,,,,,,,,,,,,,,,,,,,,,166,,,167,168,,169,
,s97,,,,s95,,s96,,,,,,,,,,,,,,,,,,,,,,,,,,,,,,,,,,,,,,,,,,,,,,,,,,,,,,,,,,,,,,,,,,,,,,,,,,,173,93,,94,
,s97,,,,s95,,s96,,,,,,,,,,,,,,,,,,,,,,,,,,,,,,,,,,,,,,,,,,,,,,,,,,,,,,,,,,,,,,,,,,,,,,,,,,,,174,,94,
,s97,,,,s95,,s96,,,,,,,,,,,,,,,,,,,,,,,,,,,,,,,,,,,,,,,,,,,,,,,,,,,,,,,,,,,,,,,,,,,,,,,,,,,,,,175,
,,,,,,,,s176,,,,,,,,,,,,,,,,,,,,,,,,,,,,,,,,,,,,,,,,,,,,,,,,,,,,,,,,,,,,,,,,,,,,,,,,,,,,,,
,r39,,r39,r39,,,,,,r39,r39,r39,r39,,r39,,r39,,,r39,r39,,,,r39,,,r39,r39,r39,r39,r39,r39,,,,,,,,,r39,r39,r39,r39,r39,r39,r39,,,,,,,,,,,,,,,,,,,,,,,,,,,,,,,,,,,,,,
,,s177,,,,,,,,,,,,,,,,,,,,,,,,,,,,,,,,,,,,,,,,,,,,,,,,,,,,,,,,,,,,,,,,,,,,,,,,,,,,,,,,,,,,
,,s178,,,,,,,,,,,,,,,,,,,,,,,,,,,,,,,,,,,,,,,,,,,,,,,,,,,,,,,,,,,,,,,,,,,,,,,,,,,,,,,,,,,,
,,,,,,,s179,,,,,,,,,,,,,,,,,,,,,,,,,,,,,,,,,,,,,,,,,,,,,,,,,,,,,,,,,,,,,,,,,,,,,,,,,,,,,,,
,,,,,,,,,s180,,,,,,,,,,,,,,,,,,,,,,,,,,,,,,,,,,,,,,,,,,,,,,,,,,,,,,,,,,,,,,,,,,,,,,,,,,,,,
,s181,,,,,,,,,,,,,,,,,,,,,,,,,,,,,,,,,,,,,,,,,,,,,,,,,,,,,,,,,,,,,,,,,,,,,,,,,,,,,,,,,,,,,
,,,,,,,,,s182,,,,,,,,,,,,,,,,,,,,,,,,,,,,,,,,,,,,,,,,,,,,,,,,,,,,,,,,,,,,,,,,,,,,,,,,,,,,,
,s183,,,,,,,,,,,,,,,,,,,,,,,,,,,,,,,,,,,,,,,,,,,,,,,,,,,,,,,,,,,,,,,,,,,,,,,,,,,,,,,,,,,,,
,s184,,,,,,,,,,,,,,,,,,,,,,,,,,,,,,,,,,,,,,,,,,,,,,,,,,,,,,,,,,,,,,,,,,,,,,,,,,,,,,,,,,,,,
,,,,,,,,,s185,,,,,,,,,,,,,,,,,,,,,,,,,,,,,,,,,,,,,,,,,,,,,,,,,,,,,,,,,,,,,,,,,,,,,,,,,,,,,
,s186,,,,,,,,,,,,,,,,,,,,,,,,,,,,,,,,,,,,,,,,,,,,,,,,,,,,,,,,,,,,,,,,,,,,,,,,,,,,,,,,,,,,,
,s187,,,,,,,,,,,,,,,,,,,,,,,,,,,,,,,,,,,,,,,,,,,,,,,,,,,,,,,,,,,,,,,,,,,,,,,,,,,,,,,,,,,,,
,s188,,,,,,,,,,,,,,,,,,,,,,,,,,,,,,,,,,,,,,,,,,,,,,,,,,,,,,,,,,,,,,,,,,,,,,,,,,,,,,,,,,,,,
,s189,,,,,,,,,,,,,,,,,,,,,,,,,,,,,,,,,,,,,,,,,,,,,,,,,,,,,,,,,,,,,,,,,,,,,,,,,,,,,,,,,,,,,
,s190,,,,,,,,,,,,,,,,,,,,,,,,,,,,,,,,,,,,,,,,,,,,,,,,,,,,,,,,,,,,,,,,,,,,,,,,,,,,,,,,,,,,,
,s38,,,s48,,,,,,s50,s53,s54,s51,,s36,,s37,,,s39,s40,,,,s41,,,s42,s43,s44,s45,s46,s47,,,,,,,,,s10,s11,s12,s13,s14,s15,s16,,,,,,,,,,32,33,49,34,,191,24,25,26,27,28,29,,,,30,31,35,,,,,,52,,,,,
,,,,,,,,r49,,,,,,,,,,,,,,,,,,,,,,,,,,,,,,,,s124,s125,,,,,,,,,,,,,,,,,,,,,,,,,,,,,,,,,,,,,,,192,,,,,,
,,,,,,,,r58,,,,,,,,,,,,,,,,,,,,,,,,,,,,,,,,r58,r58,,,,,,,,,s127,s128,,,,,,,,,,,,,,,,,,,,,,,,,,,,,,,,,193,,
,,,,,,,,r69,,,,,,,,,,,,,,,,,,,,,,,,,,,,,,,,r69,r69,,,,,,,,s194,r69,r69,,,,,,,,,,,,,,,,,,,,,,,,,,,,,,,,,,,
,,,,,,,,r71,,,,,,,,,,,,,,,,,,,,,,,,,,,,,,,,r71,r71,,,,,,,,r71,r71,r71,,,,,,,,,,,,,,,,,,,,,,,,,,,,,,,,,,,
,s88,,,,s86,,s87,,,,,,,,,,,,,,,,,,,,,,,,,,,,,,,,,,,,,,,,,,,,,,,,,,,,,,,,,,,,,,,,,,,,,,195,,82,,,83,84,,85,
,,,,,,,,r75,,,,,,,,,,,,,,,,,,,,,,,,,,,,,,,,r75,r75,,,,,,,,r75,r75,r75,,,,,,,,,,,,,,,,,,,,,,,,,,,,,,,,,,,
,,,,,,,,r76,,,,,,,,,,,,,,,,,,,,,,,,,,,,,,,,r76,r76,,,,,,,,r76,r76,r76,,,,,,,,,,,,,,,,,,,,,,,,,,,,,,,,,,,
,,,,,,,,r57,,,,,,,,,,,,,,,,,,,,,,,,,,r57,r57,r57,r57,r57,r57,r57,r57,,,,,,,,,s127,s128,,,,,,,,,,,,,,,,,,,,,,,,,,,,,,,,,126,,
,,,,,,,,r68,,,,,,,,,,,,,,,,,,,,,,,,,,r68,r68,r68,r68,r68,r68,r68,r68,,,,,,,,s129,r68,r68,,,,,,,,,,,,,,,,,,,,,,,,,,,,,,,,,,,
,,,,,,,,r70,,,,,,,,,,,,,,,,,,,,,,,,,,r70,r70,r70,r70,r70,r70,r70,r70,,,,,,,,r70,r70,r70,,,,,,,,,,,,,,,,,,,,,,,,,,,,,,,,,,,
,,,,,,,,r74,,,,,,,,,,,,,,,,,,,,,,,,,,r74,r74,r74,r74,r74,r74,r74,r74,,,,,,,,r74,r74,r74,,,,,,,,,,,,,,,,,,,,,,,,,,,,,,,,,,,
,,,,,s196,,,,,,,,,,,,,,,,,,,,,,,,,,,,,,,,,,,,,,,,,,,,,,,,,,,,,,,,,,,,,,,,,,,,,,,,,,,,,,,,,
,,,,,,,,,r49,,,,,,,,,,,,,,,,,,,,,,,,,,,,,,,s124,s125,,,,,,,,,,,,,,,,,,,,,,,,,,,,,,,,,,,,,,,197,,,,,,
,,,,,,,,,r58,,,,,,,,,,,,,,,,,,,,,,,,,,,,,,,r58,r58,,,,,,,,,s127,s128,,,,,,,,,,,,,,,,,,,,,,,,,,,,,,,,,198,,
,,,,,,,,,r69,,,,,,,,,,,,,,,,,,,,,,,,,,,,,,,r69,r69,,,,,,,,s199,r69,r69,,,,,,,,,,,,,,,,,,,,,,,,,,,,,,,,,,,
,,,,,,,,,r71,,,,,,,,,,,,,,,,,,,,,,,,,,,,,,,r71,r71,,,,,,,,r71,r71,r71,,,,,,,,,,,,,,,,,,,,,,,,,,,,,,,,,,,
,s88,,,,s86,,s87,,,,,,,,,,,,,,,,,,,,,,,,,,,,,,,,,,,,,,,,,,,,,,,,,,,,,,,,,,,,,,,,,,,,,,200,,82,,,83,84,,85,
,,,,,,,,,r75,,,,,,,,,,,,,,,,,,,,,,,,,,,,,,,r75,r75,,,,,,,,r75,r75,r75,,,,,,,,,,,,,,,,,,,,,,,,,,,,,,,,,,,
,,,,,,,,,r76,,,,,,,,,,,,,,,,,,,,,,,,,,,,,,,r76,r76,,,,,,,,r76,r76,r76,,,,,,,,,,,,,,,,,,,,,,,,,,,,,,,,,,,
,,,,,,,,,r57,,,,,,,,,,,,,,,,,,,,,,,,,r57,r57,r57,r57,r57,r57,r57,r57,,,,,,,,,s127,s128,,,,,,,,,,,,,,,,,,,,,,,,,,,,,,,,,135,,
,,,,,,,,,r68,,,,,,,,,,,,,,,,,,,,,,,,,r68,r68,r68,r68,r68,r68,r68,r68,,,,,,,,s136,r68,r68,,,,,,,,,,,,,,,,,,,,,,,,,,,,,,,,,,,
,,,,,,,,,r70,,,,,,,,,,,,,,,,,,,,,,,,,r70,r70,r70,r70,r70,r70,r70,r70,,,,,,,,r70,r70,r70,,,,,,,,,,,,,,,,,,,,,,,,,,,,,,,,,,,
,,,,,,,,,r74,,,,,,,,,,,,,,,,,,,,,,,,,r74,r74,r74,r74,r74,r74,r74,r74,,,,,,,,r74,r74,r74,,,,,,,,,,,,,,,,,,,,,,,,,,,,,,,,,,,
,s38,,,s48,,,,,,s50,s53,s54,s51,,s36,,s37,,,s39,s40,,,,s41,,,s42,s43,s44,s45,s46,s47,,,,,,,,,s10,s11,s12,s13,s14,s15,s16,,,,,,,,,,32,33,49,34,,201,24,25,26,27,28,29,,,,30,31,35,,,,,,52,,,,,
,,,,,,,,,,,,,,,,,,,,,,s204,,,,,,,,,,,,,,,,,,,,,,,,,,,,,,,,,,,,,,,,,,,,,,,,202,203,,,,,,,,,,,,,,,
,,,,,,,,,,,,,,,,,,,,,,,,,,s205,,,,,,,,,,,,,,,,,,,,,,,,,,,,,,,,,,,,,,,,,,,,,,,,,,,,,,,,,,,,
,r40,,r40,r40,,,,,,r40,r40,r40,r40,,r40,,r40,,,r40,r40,,,,r40,,,r40,r40,r40,r40,r40,r40,,,,,,,,,r40,r40,r40,r40,r40,r40,r40,,,,,,,,,,,,,,,,,,,,,,,,,,,,,,,,,,,,,,
,,,,,,,,s206,,,,,,,,,,,,,,,,,,,,,,,,,,,,,,,,,,,,,,,,,,,,,,,,,,,,,,,,,,,,,,,,,,,,,,,,,,,,,,
,r42,,r42,r42,,,,,,r42,r42,r42,r42,,r42,,r42,,,r42,r42,,,,r42,,,r42,r42,r42,r42,r42,r42,,,,,,,,,r42,r42,r42,r42,r42,r42,r42,,,,,,,,,,,,,,,,,,,,,,,,,,,,,,,,,,,,,,
,,,,,,,,s207,,,,,,,,,,,,,,,,,,,,,,,,,,,,,,,,,,,,,,,,,,,,,,,,,,,,,,,,,,,,,,,,,,,,,,,,,,,,,,
,,,,,,,,s208,,,,,,,,,,,,,,,,,,,,,,,,,,,,,,,,,,,,,,,,,,,,,,,,,,,,,,,,,,,,,,,,,,,,,,,,,,,,,,
,r45,,r45,r45,,,,,,r45,r45,r45,r45,,r45,,r45,,,r45,r45,,,,r45,,,r45,r45,r45,r45,r45,r45,,,,,,,,,r45,r45,r45,r45,r45,r45,r45,,,,,,,,,,,,,,,,,,,,,,,,,,,,,,,,,,,,,,
,,,,,,s209,,,,,,,,,,,,,,,,,,,,,,,,,,,,,,,,,,,,,,,,,,,,,,,,,,,,,,,,,,,,,,,,,,,,,,,,,,,,,,,,
,,,,,,s210,,,,,,,,,,,,,,,,,,,,,,,,,,,,,,,,,,,,,,,,,,,,,,,,,,,,,,,,,,,,,,,,,,,,,,,,,,,,,,,,
,,,,,,,,s211,,,,,,,,,,,,,,,,,,,,,,,,,,,,,,,,,,,,,,,,,,,,,,,,,,,,,,,,,,,,,,,,,,,,,,,,,,,,,,
,,,,,,s212,,,,,,,,,,,,,,,,,,,,,,,,,,,,,,,,,,,,,,,,,,,,,,,,,,,,,,,,,,,,,,,,,,,,,,,,,,,,,,,,
,,,,,,s213,,,,,,,,,,,,,,,,,,,,,,,,,,,,,,,,,,,,,,,,,,,,,,,,,,,,,,,,,,,,,,,,,,,,,,,,,,,,,,,,
,s38,,s214,s48,,,,,,s50,s53,s54,s51,,s36,,s37,,,s39,s40,,,,s41,,,s42,s43,s44,s45,s46,s47,,,,,,,,,s10,s11,s12,s13,s14,s15,s16,,,,,,,,,,32,33,49,34,,,59,25,26,27,28,29,,,,30,31,35,,,,,,52,,,,,
,s160,,,,s158,,s159,,,,,,,,,,,,,,,,,,,,,,,,,,,,,,,,,,,,,,,,,,,,,,,,,,,,,,,,,,,,,,,,,,,,,,,,,,,215,156,,157,
,s160,,,,s158,,s159,,,,,,,,,,,,,,,,,,,,,,,,,,,,,,,,,,,,,,,,,,,,,,,,,,,,,,,,,,,,,,,,,,,,,,,,,,,,216,,157,
,s160,,,,s158,,s159,,,,,,,,,,,,,,,,,,,,,,,,,,,,,,,,,,,,,,,,,,,,,,,,,,,,,,,,,,,,,,,,,,,,,,,,,,,,,,217,
,,,,,,,,s218,,,,,,,,,,,,,,,,,,,,,,,,,,,,,,,,,,,,,,,,,,,,,,,,,,,,,,,,,,,,,,,,,,,,,,,,,,,,,,
,s88,,,,s86,,s87,,,,,,,,,,,,,,,,,,,,,,,,,,,,,,,,,,,,,,,,,,,,,,,,,,,,,,,,,,,,,,,,,,,,,,219,,82,,,83,84,,85,
,s172,,,,s170,,s171,,,,,,,,,,,,,,,,,,,,,,,,,,,,,,,,,,,,,,,,,,,,,,,,,,,,,,,,,,,,,,,,,,,,,,,,,,,220,168,,169,
,s172,,,,s170,,s171,,,,,,,,,,,,,,,,,,,,,,,,,,,,,,,,,,,,,,,,,,,,,,,,,,,,,,,,,,,,,,,,,,,,,,,,,,,,221,,169,
,s172,,,,s170,,s171,,,,,,,,,,,,,,,,,,,,,,,,,,,,,,,,,,,,,,,,,,,,,,,,,,,,,,,,,,,,,,,,,,,,,,,,,,,,,,222,
,,,,,,,,s223,,,,,,,,,,,,,,,,,,,,,,,,,,,,,,,,,,,,,,,,,,,,,,,,,,,,,,,,,,,,,,,,,,,,,,,,,,,,,,
,s38,,s224,s48,,,,,,s50,s53,s54,s51,,s36,,s37,,,s39,s40,,,,s41,,,s42,s43,s44,s45,s46,s47,,,,,,,,,s10,s11,s12,s13,s14,s15,s16,,,,,,,,,,32,33,49,34,,,59,25,26,27,28,29,,,,30,31,35,,,,,,52,,,,,
,,,s225,,,,,,,,,,,,,,,,,,,s204,,,,,,,,,,,,,,,,,,,,,,,,,,,,,,,,,,,,,,,,,,,,,,,,,226,,,,,,,,,,,,,,,
,,,r35,,,,,,,,,,,,,,,,,,,r35,,,,,,,,,,,,,,,,,,,,,,,,,,,,,,,,,,,,,,,,,,,,,,,,,,,,,,,,,,,,,,,,
,s229,,,,,,s228,,,,,,,,,,,,,,,,,,,,,,,,,,,,,,,,,,,,,,,,,,,,,,,,,,,,,,,,,,,,,,,,,,,,,,,,,,,,,,,227
,,,,,,,s230,,,,,,,,,,,,,,,,,,,,,,,,,,,,,,,,,,,,,,,,,,,,,,,,,,,,,,,,,,,,,,,,,,,,,,,,,,,,,,,
,,,,,,,,,s231,,,,,,,,,,,,,,,,,,,,,,,,,,,,,,,,,,,,,,,,,,,,,,,,,,,,,,,,,,,,,,,,,,,,,,,,,,,,,
,,,,,,,,,s232,,,,,,,,,,,,,,,,,,,,,,,,,,,,,,,,,,,,,,,,,,,,,,,,,,,,,,,,,,,,,,,,,,,,,,,,,,,,,
,,,,,,,,,s233,,,,,,,,,,,,,,,,,,,,,,,,,,,,,,,,,,,,,,,,,,,,,,,,,,,,,,,,,,,,,,,,,,,,,,,,,,,,,
,,,,,,,s234,,,,,,,,,,,,,,,,,,,,,,,,,,,,,,,,,,,,,,,,,,,,,,,,,,,,,,,,,,,,,,,,,,,,,,,,,,,,,,,
,,,,,,,s235,,,,,,,,,,,,,,,,,,,,,,,,,,,,,,,,,,,,,,,,,,,,,,,,,,,,,,,,,,,,,,,,,,,,,,,,,,,,,,,
,,,,,,,,,s236,,,,,,,,,,,,,,,,,,,,,,,,,,,,,,,,,,,,,,,,,,,,,,,,,,,,,,,,,,,,,,,,,,,,,,,,,,,,,
,s237,,,,,,,,,,,,,,,,,,,,,,,,,,,,,,,,,,,,,,,,,,,,,,,,,,,,,,,,,,,,,,,,,,,,,,,,,,,,,,,,,,,,,
,,,,,,,s238,,,,,,,,,,,,,,,,,,,,,,,,,,,,,,,,,,,,,,,,,,,,,,,,,,,,,,,,,,,,,,,,,,,,,,,,,,,,,,,
,r28,,r28,r28,,,,,,r28,r28,r28,r28,,r28,s239,r28,,,r28,r28,,,,r28,,,r28,r28,r28,r28,r28,r28,,,,,,,,,r28,r28,r28,r28,r28,r28,r28,,,,,,,,,,,,,,,,,,,,,,,,,,,,,,,,,,,,,,
,,,,,,,,r57,,,,,,,,,,,,,,,,,,,,,,,,,,,,,,,,r57,r57,,,,,,,,,s127,s128,,,,,,,,,,,,,,,,,,,,,,,,,,,,,,,,,193,,
,,,,,,,,r68,,,,,,,,,,,,,,,,,,,,,,,,,,,,,,,,r68,r68,,,,,,,,s194,r68,r68,,,,,,,,,,,,,,,,,,,,,,,,,,,,,,,,,,,
,,,,,,,,r70,,,,,,,,,,,,,,,,,,,,,,,,,,,,,,,,r70,r70,,,,,,,,r70,r70,r70,,,,,,,,,,,,,,,,,,,,,,,,,,,,,,,,,,,
,,,,,,,,r74,,,,,,,,,,,,,,,,,,,,,,,,,,,,,,,,r74,r74,,,,,,,,r74,r74,r74,,,,,,,,,,,,,,,,,,,,,,,,,,,,,,,,,,,
,,,,,,,,s240,,,,,,,,,,,,,,,,,,,,,,,,,,,,,,,,,,,,,,,,,,,,,,,,,,,,,,,,,,,,,,,,,,,,,,,,,,,,,,
,,,,,,,,,r57,,,,,,,,,,,,,,,,,,,,,,,,,,,,,,,r57,r57,,,,,,,,,s127,s128,,,,,,,,,,,,,,,,,,,,,,,,,,,,,,,,,198,,
,,,,,,,,,r68,,,,,,,,,,,,,,,,,,,,,,,,,,,,,,,r68,r68,,,,,,,,s199,r68,r68,,,,,,,,,,,,,,,,,,,,,,,,,,,,,,,,,,,
,,,,,,,,,r70,,,,,,,,,,,,,,,,,,,,,,,,,,,,,,,r70,r70,,,,,,,,r70,r70,r70,,,,,,,,,,,,,,,,,,,,,,,,,,,,,,,,,,,
,,,,,,,,,r74,,,,,,,,,,,,,,,,,,,,,,,,,,,,,,,r74,r74,,,,,,,,r74,r74,r74,,,,,,,,,,,,,,,,,,,,,,,,,,,,,,,,,,,
,r32,,r32,r32,,,,,,r32,r32,r32,r32,,r32,,r32,,,r32,r32,,,,r32,,,r32,r32,r32,r32,r32,r32,,,,,,,,,r32,r32,r32,r32,r32,r32,r32,,,,,,,,,,,,,,,,,,,,,,,,,,,,,,,,,,,,,,
,r33,,r33,r33,,,,,,r33,r33,r33,r33,,r33,,r33,,,r33,r33,,,,r33,,,r33,r33,r33,r33,r33,r33,,,,,,,,,r33,r33,r33,r33,r33,r33,r33,,,,,,,,,,,,,,,,,,,,,,,,,,,,,,,,,,,,,,
,,,r34,,,,,,,,,,,,,,,,,,,r34,,,,,,,,,,,,,,,,,,,,,,,,,,,,,,,,,,,,,,,,,,,,,,,,,,,,,,,,,,,,,,,,
,,s241,,,,,,,,,,,,,,,,,,,,,,,,,,,,,,,,,,,,,,,,,,,,,,,,,,,,,,,,,,,,,,,,,,,,,,,,,,,,,,,,,,,,
,,r77,,,,,,,,,,,,,,,,,,,,,,,,,,,,,,,,,,,,,,,,,,,,,,,,,,,,,,,,,,,,,,,,,,,,,,,,,,,,,,,,,,,,
,,r78,,,,,,,,,,,,,,,,,,,,,,,,,,,,,,,,,,,,,,,,,,,,,,,,,,,,,,,,,,,,,,,,,,,,,,,,,,,,,,,,,,,,
,,,,,,s242,,,,,,,,,,,,,,,,,,,,,,,,,,,,,,,,,,,,,,,,,,,,,,,,,,,,,,,,,,,,,,,,,,,,,,,,,,,,,,,,
,r41,,r41,r41,,,,,,r41,r41,r41,r41,,r41,,r41,,,r41,r41,,,,r41,,,r41,r41,r41,r41,r41,r41,,,,,,,,,r41,r41,r41,r41,r41,r41,r41,,,,,,,,,,,,,,,,,,,,,,,,,,,,,,,,,,,,,,
,r43,,r43,r43,,,,,,r43,r43,r43,r43,,r43,,r43,,,r43,r43,,,,r43,,,r43,r43,r43,r43,r43,r43,,,,,,,,,r43,r43,r43,r43,r43,r43,r43,,,,,,,,,,,,,,,,,,,,,,,,,,,,,,,,,,,,,,
,r44,,r44,r44,,,,,,r44,r44,r44,r44,,r44,,r44,,,r44,r44,,,,r44,,,r44,r44,r44,r44,r44,r44,,,,,,,,,r44,r44,r44,r44,r44,r44,r44,,,,,,,,,,,,,,,,,,,,,,,,,,,,,,,,,,,,,,
,,,,,,s243,,,,,,,,,,,,,,,,,,,,,,,,,,,,,,,,,,,,,,,,,,,,,,,,,,,,,,,,,,,,,,,,,,,,,,,,,,,,,,,,
,,,,,,s244,,,,,,,,,,,,,,,,,,,,,,,,,,,,,,,,,,,,,,,,,,,,,,,,,,,,,,,,,,,,,,,,,,,,,,,,,,,,,,,,
,r13,,r13,r13,,,,,,r13,r13,r13,r13,,r13,,r13,,,r13,r13,,,,r13,,,r13,r13,r13,r13,r13,r13,,,,,,,,,r13,r13,r13,r13,r13,r13,r13,,,,,,,,,,,,,,,,,,,,,,,,,,,,,,,,,,,,,,
,,,,,,s245,,,,,,,,,,,,,,,,,,,,,,,,,,,,,,,,,,,,,,,,,,,,,,,,,,,,,,,,,,,,,,,,,,,,,,,,,,,,,,,,
,,,,,,s246,,,,,,,,,,,,,,,,,,,,,,,,,,,,,,,,,,,,,,,,,,,,,,,,,,,,,,,,,,,,,,,,,,,,,,,,,,,,,,,,
,,s247,,,,,,,,,,,,,,,,,,,,,,,,,,,,,,,,,,,,,,,,,,,,,,,,,,,,,,,,,,,,,,,,,,,,,,,,,,,,,,,,,,,,
,r30,,r30,r30,,,,,,r30,r30,r30,r30,,r30,,r30,,,r30,r30,,,,r30,,,r30,r30,r30,r30,r30,r30,,,,,,,,,r30,r30,r30,r30,r30,r30,r30,,,,,,,,,,,,,,,,,,,,,,,,,,,,,,,,,,,,,,
,s38,,,s48,,,,,,s50,s53,s54,s51,,s36,,s37,,,s39,s40,,,,s41,,,s42,s43,s44,s45,s46,s47,,,,,,,,,s10,s11,s12,s13,s14,s15,s16,,,,,,,,,,32,33,49,34,,248,24,25,26,27,28,29,,,,30,31,35,,,,,,52,,,,,
,,,,,,,,,,,,,,,,,,,,,,,,,,,s249,,,,,,,,,,,,,,,,,,,,,,,,,,,,,,,,,,,,,,,,,,,,,,,,,,,,,,,,,,,
,,,,,,,s250,,,,,,,,,,,,,,,,,,,,,,,,,,,,,,,,,,,,,,,,,,,,,,,,,,,,,,,,,,,,,,,,,,,,,,,,,,,,,,,
,,,,,,,s251,,,,,,,,,,,,,,,,,,,,,,,,,,,,,,,,,,,,,,,,,,,,,,,,,,,,,,,,,,,,,,,,,,,,,,,,,,,,,,,
,,,,,,,s252,,,,,,,,,,,,,,,,,,,,,,,,,,,,,,,,,,,,,,,,,,,,,,,,,,,,,,,,,,,,,,,,,,,,,,,,,,,,,,,
,,,,,,,s253,,,,,,,,,,,,,,,,,,,,,,,,,,,,,,,,,,,,,,,,,,,,,,,,,,,,,,,,,,,,,,,,,,,,,,,,,,,,,,,
,s38,,,s48,,,,,,s50,s53,s54,s51,,s36,,s37,,,s39,s40,,,,s41,,,s42,s43,s44,s45,s46,s47,,,,,,,,,s10,s11,s12,s13,s14,s15,s16,,,,,,,,,,32,33,49,34,,254,24,25,26,27,28,29,,,,30,31,35,,,,,,52,,,,,
,s38,,s255,s48,,,,,,s50,s53,s54,s51,,s36,,s37,,,s39,s40,,,,s41,,,s42,s43,s44,s45,s46,s47,,,,,,,,,s10,s11,s12,s13,s14,s15,s16,,,,,,,,,,32,33,49,34,,,59,25,26,27,28,29,,,,30,31,35,,,,,,52,,,,,
,,,,,,,s256,,,,,,,,,,,,,,,,,,,,,,,,,,,,,,,,,,,,,,,,,,,,,,,,,,,,,,,,,,,,,,,,,,,,,,,,,,,,,,,
,,,,,,s257,,,,,,,,,,,,,,,,,,,,,,,,,,,,,,,,,,,,,,,,,,,,,,,,,,,,,,,,,,,,,,,,,,,,,,,,,,,,,,,,
,,,,,,s258,,,,,,,,,,,,,,,,,,,,,,,,,,,,,,,,,,,,,,,,,,,,,,,,,,,,,,,,,,,,,,,,,,,,,,,,,,,,,,,,
,,,,,,s259,,,,,,,,,,,,,,,,,,,,,,,,,,,,,,,,,,,,,,,,,,,,,,,,,,,,,,,,,,,,,,,,,,,,,,,,,,,,,,,,
,,,,,,s260,,,,,,,,,,,,,,,,,,,,,,,,,,,,,,,,,,,,,,,,,,,,,,,,,,,,,,,,,,,,,,,,,,,,,,,,,,,,,,,,
,s38,,s261,s48,,,,,,s50,s53,s54,s51,,s36,,s37,,,s39,s40,,,,s41,,,s42,s43,s44,s45,s46,s47,,,,,,,,,s10,s11,s12,s13,s14,s15,s16,,,,,,,,,,32,33,49,34,,,59,25,26,27,28,29,,,,30,31,35,,,,,,52,,,,,
,,,,,,,,,,,,,,,,,,,,,,,s262,,,,,,,,,,,,,,,,,,,,,,,,,,,,,,,,,,,,,,,,,,,,,,,,,,,,,,,,,,,,,,,
,,,,,,,,s263,,,,,,,,,,,,,,,,,,,,,,,,,,,,,,,,,,,,,,,,,,,,,,,,,,,,,,,,,,,,,,,,,,,,,,,,,,,,,,
,,,,,,,s264,,,,,,,,,,,,,,,,,,,,,,,,,,,,,,,,,,,,,,,,,,,,,,,,,,,,,,,,,,,,,,,,,,,,,,,,,,,,,,,
,s265,,,,,,,,,,,,,,,,,,,,,,,,,,,,,,,,,,,,,,,,,,,,,,,,,,,,,,,,,,,,,,,,,,,,,,,,,,,,,,,,,,,,,
,,,,,,,s266,,,,,,,,,,,,,,,,,,,,,,,,,,,,,,,,,,,,,,,,,,,,,,,,,,,,,,,,,,,,,,,,,,,,,,,,,,,,,,,
,,,,,,,s267,,,,,,,,,,,,,,,,,,,,,,,,,,,,,,,,,,,,,,,,,,,,,,,,,,,,,,,,,,,,,,,,,,,,,,,,,,,,,,,
,r29,,r29,r29,,,,,,r29,r29,r29,r29,,r29,,r29,,,r29,r29,,,,r29,,,r29,r29,r29,r29,r29,r29,,,,,,,,,r29,r29,r29,r29,r29,r29,r29,,,,,,,,,,,,,,,,,,,,,,,,,,,,,,,,,,,,,,
,,,,,,,,,s268,,,,,,,,,,,,,,,,,,,,,,,,,,,,,,,,,,,,,,,,,,,,,,,,,,,,,,,,,,,,,,,,,,,,,,,,,,,,,
,,s269,,,,,,,,,,,,,,,,,,,,,,,,,,,,,,,,,,,,,,,,,,,,,,,,,,,,,,,,,,,,,,,,,,,,,,,,,,,,,,,,,,,,
,,,,,,s270,,,,,,,,,,,,,,,,,,,,,,,,,,,,,,,,,,,,,,,,,,,,,,,,,,,,,,,,,,,,,,,,,,,,,,,,,,,,,,,,
,,,,,,,,s271,,,,,,,,,,,,,,,,,,,,,,,,,,,,,,,,,,,,,,,,,,,,,,,,,,,,,,,,,,,,,,,,,,,,,,,,,,,,,,
,,,,,,s272,,,,,,,,,,,,,,,,,,,,,,,,,,,,,,,,,,,,,,,,,,,,,,,,,,,,,,,,,,,,,,,,,,,,,,,,,,,,,,,,
,,,,,,s273,,,,,,,,,,,,,,,,,,,,,,,,,,,,,,,,,,,,,,,,,,,,,,,,,,,,,,,,,,,,,,,,,,,,,,,,,,,,,,,,
,,,r36,,,,,,,,,,,,,,,,,,,r36,,,,,,,,,,,,,,,,,,,,,,,,,,,,,,,,,,,,,,,,,,,,,,,,,,,,,,,,,,,,,,,,
,s38,,,s48,,,,,,s50,s53,s54,s51,,s36,,s37,,,s39,s40,,,,s41,,,s42,s43,s44,s45,s46,s47,,,,,,,,,s10,s11,s12,s13,s14,s15,s16,,,,,,,,,,32,33,49,34,,274,24,25,26,27,28,29,,,,30,31,35,,,,,,52,,,,,
,,,,,,,s275,,,,,,,,,,,,,,,,,,,,,,,,,,,,,,,,,,,,,,,,,,,,,,,,,,,,,,,,,,,,,,,,,,,,,,,,,,,,,,,
,,,,,,,,,s276,,,,,,,,,,,,,,,,,,,,,,,,,,,,,,,,,,,,,,,,,,,,,,,,,,,,,,,,,,,,,,,,,,,,,,,,,,,,,
,,,,,,,s277,,,,,,,,,,,,,,,,,,,,,,,,,,,,,,,,,,,,,,,,,,,,,,,,,,,,,,,,,,,,,,,,,,,,,,,,,,,,,,,
,,,,,,,s278,,,,,,,,,,,,,,,,,,,,,,,,,,,,,,,,,,,,,,,,,,,,,,,,,,,,,,,,,,,,,,,,,,,,,,,,,,,,,,,
,s38,,s279,s48,,,,,,s50,s53,s54,s51,,s36,,s37,,,s39,s40,,,,s41,,,s42,s43,s44,s45,s46,s47,,,,,,,,,s10,s11,s12,s13,s14,s15,s16,,,,,,,,,,32,33,49,34,,,59,25,26,27,28,29,,,,30,31,35,,,,,,52,,,,,
,,,,,,,,s280,,,,,,,,,,,,,,,,,,,,,,,,,,,,,,,,,,,,,,,,,,,,,,,,,,,,,,,,,,,,,,,,,,,,,,,,,,,,,,
,r10,,r10,r10,,,,,,r10,r10,r10,r10,,r10,,r10,,,r10,r10,,,,r10,,,r10,r10,r10,r10,r10,r10,,,,,,,,,r10,r10,r10,r10,r10,r10,r10,,,,,,,,,,,,,,,,,,,,,,,,,,,,,,,,,,,,,,
,,,,,,s281,,,,,,,,,,,,,,,,,,,,,,,,,,,,,,,,,,,,,,,,,,,,,,,,,,,,,,,,,,,,,,,,,,,,,,,,,,,,,,,,
,,,,,,,,s282,,,,,,,,,,,,,,,,,,,,,,,,,,,,,,,,,,,,,,,,,,,,,,,,,,,,,,,,,,,,,,,,,,,,,,,,,,,,,,
,r38,,r38,r38,,,,,,r38,r38,r38,r38,,r38,,r38,,,r38,r38,,,,r38,,,r38,r38,r38,r38,r38,r38,,,,,,,,,r38,r38,r38,r38,r38,r38,r38,,,,,,,,,,,,,,,,,,,,,,,,,,,,,,,,,,,,,,
,,,,,,,,,s283,,,,,,,,,,,,,,,,,,,,,,,,,,,,,,,,,,,,,,,,,,,,,,,,,,,,,,,,,,,,,,,,,,,,,,,,,,,,,
,,,,,,,s284,,,,,,,,,,,,,,,,,,,,,,,,,,,,,,,,,,,,,,,,,,,,,,,,,,,,,,,,,,,,,,,,,,,,,,,,,,,,,,,
,,,,,,,,,s285,,,,,,,,,,,,,,,,,,,,,,,,,,,,,,,,,,,,,,,,,,,,,,,,,,,,,,,,,,,,,,,,,,,,,,,,,,,,,
,r8,,r8,r8,,,,,,r8,r8,r8,r8,,r8,,r8,,,r8,r8,,,,r8,,,r8,r8,r8,r8,r8,r8,,,,,,,,,r8,r8,r8,r8,r8,r8,r8,,,,,,,,,,,,,,,,,,,,,,,,,,,,,,,,,,,,,,
,,,,,,,,s286,,,,,,,,,,,,,,,,,,,,,,,,,,,,,,,,,,,,,,,,,,,,,,,,,,,,,,,,,,,,,,,,,,,,,,,,,,,,,,
,r12,,r12,r12,,,,,,r12,r12,r12,r12,,r12,,r12,,,r12,r12,,,,r12,,,r12,r12,r12,r12,r12,r12,,,,,,,,,r12,r12,r12,r12,r12,r12,r12,,,,,,,,,,,,,,,,,,,,,,,,,,,,,,,,,,,,,,
,,,,,,,,,s287,,,,,,,,,,,,,,,,,,,,,,,,,,,,,,,,,,,,,,,,,,,,,,,,,,,,,,,,,,,,,,,,,,,,,,,,,,,,,
,r11,,r11,r11,,,,,,r11,r11,r11,r11,,r11,,r11,,,r11,r11,,,,r11,,,r11,r11,r11,r11,r11,r11,,,,,,,,,r11,r11,r11,r11,r11,r11,r11,,,,,,,,,,,,,,,,,,,,,,,,,,,,,,,,,,,,,,
